EMOJI;ICON;ID;INT;ACT;SOC;SKL;REL;POL;ADD;HEA;OWN;ETH;GEN;AGE;STA;FAM;TRA
ğŸ½ï¸;food;4d4b7105d754a06374d81259;YES;Eating out;Family,Friends,Colleagues;;;;;;;;;;;;
ğŸ­;masks;4d4b7105d754a06373d81259;YES;Entertainment;Family,Friends,Colleagues;;;;;;;;;;;;
ğŸ¢;building;4e67e38e036454776db1fb3a;;Accomodation;Family,Friends,Colleagues;;;;;;;;;;;;
ğŸ­;masks;56aa371be4b08b9a8d5734db;YES;Entertainment;Family,Friends;;;;;;;;;;;;
ğŸ¦ˆ;masks;4fceea171983d5d06c3e9823;YES;Entertainment,Tourism;Family,Friends;;;;;;;;;;;;
ğŸ•¹ï¸;masks;4bf58dd8d48988d1e1931735;YES;Entertainment;Family,Friends;;;;;;;;;;;;
ğŸ–¼ï¸;masks;4bf58dd8d48988d1e2931735;YES;Entertainment,Tourism;;;;;;;;;;;;;
ğŸ³;masks;4bf58dd8d48988d1e4931735;YES;Entertainment;Family,Friends;;;;;;;;;;;;
ğŸ°;masks;4bf58dd8d48988d17c941735;YES;Entertainment,Tourism;Family,Friends,Colleagues;;;;;;;;;;;;
ğŸª;masks;52e81612bcbc57f1066b79e7;YES;Entertainment;;;;;;;;;;;;;
ğŸ¤;masks;4bf58dd8d48988d18e941735;YES;Entertainment;Family,Friends;;;;;;;;;;;;
ğŸ«;masks;5032792091d4c4b30a586d5c;YES;Entertainment;Family,Friends;;;;;;;;;;;;
ğŸ¤ ;masks;52e81612bcbc57f1066b79ef;YES;Entertainment;Family,Friends;;;;;;;;;;;;
ğŸ…;masks;52e81612bcbc57f1066b79e8;YES;Entertainment;Family,Friends;;;;;;;;;;;;
ğŸ–¼ï¸;masks;56aa371be4b08b9a8d573532;YES;Entertainment;;;;;;;;;;;;;
ğŸ¿;masks;4bf58dd8d48988d1f1931735;YES;Entertainment;Family,Friends;;;;;;;;;;;;
ğŸï¸;masks;52e81612bcbc57f1066b79ea;YES;Entertainment;Family,Friends;Driving;;;;;;;;;;;
ğŸº;masks;4deefb944765f83613cdba6e;YES;Entertainment,Tourism;;;;;;;;;;;;;
ğŸ¤;masks;5744ccdfe4b0c0459246b4bb;YES;Entertainment;Family,Friends;;;;;;;;;;;;
ğŸ”«;masks;52e81612bcbc57f1066b79e6;YES;Entertainment;Family,Friends;;;;;;;;;;;;
ğŸ–ï¸;masks;5642206c498e4bfca532186c;YES;Entertainment,Tourism;;;;;;;;;;;;;
â›³;masks;52e81612bcbc57f1066b79eb;YES;Entertainment;Family,Friends;;;;;;;;;;;;
ğŸ¿;popcorn;4bf58dd8d48988d17f941735;YES;Entertainment;Family,Friends;;;;;;;;;;;;
ğŸ¿;popcorn;56aa371be4b08b9a8d5734de;YES;Entertainment;Family,Friends;Driving;;;;;;;;;;;
ğŸ¿;popcorn;4bf58dd8d48988d17e941735;YES;Entertainment;Family,Friends;;;;;;;;;;;;
ğŸ¿;popcorn;4bf58dd8d48988d180941735;YES;Entertainment;Family,Friends;;;;;;;;;;;;
ğŸ–¼ï¸;image;4bf58dd8d48988d181941735;YES;Entertainment,Tourism;;;;;;;;;;;;;
ğŸ–¼ï¸;image;4bf58dd8d48988d18f941735;YES;Entertainment,Tourism;;;;;;;;;;;;;
ğŸ–¼ï¸;image;559acbe0498e472f1a53fa23;YES;Entertainment,Tourism;;;;;;;;;;;;;
ğŸ–¼ï¸;image;4bf58dd8d48988d190941735;YES;Entertainment,Tourism;;;;;;;;;;;;;
ğŸŒ•;image;4bf58dd8d48988d192941735;YES;Entertainment,Tourism;;;;;;;;;;;;;
ğŸ”¬;flask;4bf58dd8d48988d191941735;YES;Entertainment,Tourism;;;;;;;;;;;;;
ğŸ¤;masks;4bf58dd8d48988d1e5931735;YES;Entertainment,Tourism;;;;;;;;;;;;;
ğŸ·;masks;4bf58dd8d48988d1e7931735;YES;Entertainment;Family,Friends;;;;;;;;;;;;
ğŸ¹;masks;4bf58dd8d48988d1e8931735;YES;Entertainment;Family,Friends;;;;;;;;;;;;
ğŸ¤˜;masks;4bf58dd8d48988d1e9931735;YES;Entertainment;Family,Friends;;;;;;;;;;;;
ğŸ­;masks;5744ccdfe4b0c0459246b4b8;YES;Entertainment;;;;;;;;;;;;;
ğŸ­;masks;4bf58dd8d48988d1f2931735;YES;Entertainment;Family,Friends;;;;;;;;;;;;
ğŸ­;masks;4bf58dd8d48988d134941735;YES;Entertainment;Family,Friends;;;;;;;;;;;;
ğŸ­;masks;4bf58dd8d48988d135941735;YES;Entertainment;Family,Friends;;;;;;;;;;;;
ğŸ­;masks;4bf58dd8d48988d136941735;YES;Entertainment,Tourism;Family,Friends;;;;;;;;;;;;
ğŸ¿;masks;4bf58dd8d48988d137941735;YES;Entertainment,Tourism;Family,Friends;;;;;;;;;;;;
ğŸ±;masks;4bf58dd8d48988d1e3931735;YES;Entertainment;Family,Friends;;;;;;;;;;;;
ğŸ–¼ï¸;image;507c8c4091d498d9fc8c67a9;YES;Entertainment,Tourism;;;;;;;;;;;;;
ğŸ–¼ï¸;image;52e81612bcbc57f1066b79ed;YES;Entertainment,Tourism;;;;;;;;;;;;;
ğŸ–¼ï¸;image;52e81612bcbc57f1066b79ee;YES;Entertainment,Tourism;;;;;;;;;;;;;
ğŸï¸;masks;56aa371be4b08b9a8d573514;YES;Entertainment,Sports;Family,Friends;;;;;;;;;;;;
ğŸï¸;masks;4bf58dd8d48988d1f4931735;YES;Entertainment,Sports;Family,Friends;;;;;;;;;;;;
â›¸ï¸;masks;52e81612bcbc57f1066b79e9;YES;Entertainment,Sports;Family,Friends;;;;;;;;;;;;
ğŸ’ƒ;masks;52e81612bcbc57f1066b79ec;YES;Entertainment,Sports;Family,Friends;Dance;;;;;;;;;;;
ğŸ’ƒ;masks;56aa371be4b08b9a8d5734f9;YES;Entertainment,Sports;Family,Friends;Dance;;;;;;;;;;;
ğŸŸï¸;futbol;4bf58dd8d48988d184941735;YES;Entertainment,Sports;Family,Friends;;;;;;;;;;;;
ğŸŸï¸;futbol;4bf58dd8d48988d18c941735;YES;Entertainment,Sports;Family,Friends;;;;;;;;;;;;
ğŸŸï¸;futbol;4bf58dd8d48988d18b941735;YES;Entertainment,Sports;Family,Friends;;;;;;;;;;;;
ğŸŸï¸;futbol;4bf58dd8d48988d18a941735;YES;Entertainment,Sports;Family,Friends;;;;;;;;;;;;
ğŸŸï¸;futbol;4bf58dd8d48988d189941735;YES;Entertainment,Sports;Family,Friends;;;;;;;;;;;;
ğŸŸï¸;futbol;4bf58dd8d48988d185941735;YES;Entertainment,Sports;Family,Friends;;;;;;;;;;;;
ğŸŸï¸;futbol;56aa371be4b08b9a8d573556;YES;Entertainment,Sports;Family,Friends;;;;;;;;;;;;
ğŸŸï¸;futbol;4bf58dd8d48988d188941735;YES;Entertainment,Sports;Family,Friends;;;;;;;;;;;;
ğŸ¾;futbol;4e39a891bd410d7aed40cbc2;YES;Entertainment,Sports;Family,Friends;;;;;;;;;;;;
ğŸŸï¸;futbol;4bf58dd8d48988d187941735;YES;Entertainment,Sports;Family,Friends;;;;;;;;;;;;
ğŸ¢;masks;4bf58dd8d48988d182941735;YES;Entertainment;Family,Friends;;;;;;;;;;;;
ğŸ¢;masks;5109983191d435c0d71c2bb1;YES;Entertainment;Family,Friends;;;;;;;;;;;;
ğŸ“¸;masks;56aa371be4b08b9a8d573520;YES;Tourism;;;;;;;;;;;;;
ğŸ¢;masks;4bf58dd8d48988d193941735;YES;Entertainment;Family,Friends;;;;;;;;;;;;
ğŸ’;masks;4bf58dd8d48988d17b941735;YES;Entertainment,Tourism;Family,Friends;;;;;;;;;;;;
ğŸ’;masks;58daa1558bbb0b01f18ec1fd;YES;Entertainment,Tourism;Family,Friends;;;;;;;;;;;;
ğŸ“;university;4bf58dd8d48988d198941735;YES;Education;Friends,Colleagues;Higher Education Training;;;;;;;;;;;
ğŸ“;university;4bf58dd8d48988d199941735;Arts Education,Graphic Design,Photographic & Digital Arts,Sculpture,Painting,Industrial & Product Design;Education;Friends,Colleagues;Higher Education Training,Social Sciences,Arts;;;;;;;;;;;
ğŸ“;university;4bf58dd8d48988d19a941735;Social Sciences,Communications & Media Studies,Public Speaking;Education;Friends,Colleagues;Higher Education Training,Social Sciences,Communication;;;;;;;;;;;
ğŸ“;university;4bf58dd8d48988d19e941735;Scientific Institutions,Computer Science,Engineering & Technology;Education;Friends,Colleagues;Higher Education Training,Information Technology & Computer Science;;;;;;;;;;;
ğŸ“;university;4bf58dd8d48988d19d941735;Social Sciences,History;Education;Friends,Colleagues;Higher Education Training,Social Sciences;;;;;;;;;;;
ğŸ“;university;4bf58dd8d48988d19c941735;Scientific Institutions,Mathematics;Education;Friends,Colleagues;Higher Education Training,Sciences;;;;;;;;;;;
ğŸ“;university;4bf58dd8d48988d19b941735;Scientific Institutions,Physics,Biology;Education;Friends,Colleagues;Higher Education Training,Sciences;;;;;;;;;;;
ğŸ“;university;4bf58dd8d48988d19f941735;Scientific Institutions,Computer Science,Engineering & Technology;Education;Friends,Colleagues;Higher Education Training,Information Technology & Computer Science;;;;;;;;;;;
ğŸ“;university;4bf58dd8d48988d197941735;YES;Education;Friends,Colleagues;;;;;;;;;;;;
ğŸ“;university;4bf58dd8d48988d1af941735;YES;Education;Friends,Colleagues;;;;;;;;;;;;
ğŸ“š;university;4bf58dd8d48988d1b1941735;YES;Education;Friends,Colleagues;;;;;;;;;;;;
ğŸ´;food;4bf58dd8d48988d1a1941735;YES;Eating out;Friends,Colleagues;;;;;;;;;;;;
ğŸ“;university;4bf58dd8d48988d1a0941735;YES;Education;Friends,Colleagues;;;;;;;;;;;;
ğŸ’ª;university;4bf58dd8d48988d1b2941735;YES;Sports;Friends,Colleagues;Sports;;;;;;;;;;;
ğŸ”¬;university;4bf58dd8d48988d1a5941735;YES;Education;Friends,Colleagues;;;;;;;;;;;;
ğŸ“š;university;4bf58dd8d48988d1a7941735;YES;Education;Friends,Colleagues;;;;;;;;;;;;
ğŸ“;university;4bf58dd8d48988d1aa941735;YES;Education;Friends,Colleagues;;;;;;;;;;;;
ğŸ’ª;university;4bf58dd8d48988d1a9941735;YES;Sports,Entertainment;Friends,Colleagues;;;;;;;;;;;;
ğŸ“;university;4bf58dd8d48988d1a3941735;YES;Accomodation;Friends,Colleagues;;;;;;;;;;;;
ğŸŸï¸;futbol;4bf58dd8d48988d1b4941735;YES;Entertainment,Sports;Friends,Colleagues;;;;;;;;;;;;
ğŸŸï¸;futbol;4bf58dd8d48988d1bb941735;YES;Entertainment,Sports;Friends,Colleagues;Sports;;;;;;;;;;;
ğŸŸï¸;futbol;4bf58dd8d48988d1ba941735;YES;Entertainment,Sports;Friends,Colleagues;Sports;;;;;;;;;;;
ğŸŸï¸;futbol;4bf58dd8d48988d1b9941735;YES;Entertainment,Sports;Friends,Colleagues;Sports;;;;;;;;;;;
ğŸŸï¸;futbol;4bf58dd8d48988d1b8941735;YES;Entertainment,Sports;Friends,Colleagues;Sports;;;;;;;;;;;
ğŸŸï¸;futbol;4bf58dd8d48988d1b5941735;YES;Entertainment,Sports;Friends,Colleagues;Sports;;;;;;;;;;;
ğŸŸï¸;futbol;4bf58dd8d48988d1b7941735;YES;Entertainment,Sports;Friends,Colleagues;Sports;;;;;;;;;;;
ğŸ¾;futbol;4e39a9cebd410d7aed40cbc4;YES;Entertainment,Sports;Friends,Colleagues;Sports;;;;;;;;;;;
ğŸŸï¸;futbol;4bf58dd8d48988d1b6941735;YES;Entertainment,Sports;Friends,Colleagues;Sports;;;;;;;;;;;
ğŸ­;masks;4bf58dd8d48988d1ac941735;YES;Entertainment;Friends,Colleagues;Higher Education Training;;;;;;;;;;;
ğŸ“;university;4bf58dd8d48988d1a2941735;YES;Education;Friends,Colleagues;Higher Education Training;;;;;;;;;;;
ğŸ»;university;4bf58dd8d48988d1b0941735;YES;Education;Friends,Colleagues;;;;;;;;;;;;
ğŸ“;university;4bf58dd8d48988d1a8941735;YES;Education;Friends,Colleagues;;;;;;;;;;;;
âš–ï¸;university;4bf58dd8d48988d1a6941735;YES;Education;Friends,Colleagues;Higher Education Training,Law Training;;;;;;;;;;;
ğŸ’Š;university;4bf58dd8d48988d1b3941735;YES;Education;Friends,Colleagues;Higher Education Training,Medical Training;;;;;;;;;;;
ğŸ¸;university;4bf58dd8d48988d141941735;YES;Education;Friends,Colleagues;;;;;;;;;;;;
ğŸ“;university;4bf58dd8d48988d1ab941735;YES;Education;Friends,Colleagues;;;;;;;;;;;;
ğŸ“;university;4bf58dd8d48988d1ad941735;YES;Education;Friends,Colleagues;YES;;;;;;;;;;;
ğŸ“;university;4bf58dd8d48988d1ae941735;YES;Education;Friends,Colleagues;;;;;;;;;;;;
â›„;masks;52f2ab2ebcbc57f1066b8b3b;YES;Tourism;;;;;;;;;;;;;
ğŸ’¬;masks;5267e4d9e4b0ec79466e48c6;YES;Entertainment;;;;;;;;;;;;;
ğŸ’¬;masks;5267e4d9e4b0ec79466e48c9;YES;Entertainment;;;;;;;;;;;;;
â›º;masks;5267e4d9e4b0ec79466e48c7;YES;Tourism,Entertainment;;;;;;;;;;;;;
ğŸˆ;masks;58daa1558bbb0b01f18ec1fa;YES;Tourism;;;;;;;;;;;;;
ğŸ‘¨â€ğŸ¤ï¸;masks;5267e4d9e4b0ec79466e48d1;YES;Entertainment;;;;;;;;;;;;;
ğŸˆ;masks;5267e4d9e4b0ec79466e48c8;YES;Entertainment;;;;;;;;;;;;;
ğŸˆ;masks;52741d85e4b0d5d1e3c6a6d9;YES;Tourism,Entertainment;;;;;;;;;;;;;
ğŸˆ;masks;52f2ab2ebcbc57f1066b8b54;YES;Entertainment;;;;;;;;;;;;;
ğŸˆ;masks;5267e4d8e4b0ec79466e48c5;YES;Tourism,Entertainment;;;;;;;;;;;;;
ğŸ½ï¸;food;503288ae91d4c4b30a586d67;YES;Eating out;Family,Friends,Colleagues;;;;;;;Arabs & Middle Easterners;;;;;
ğŸ½ï¸;food;4bf58dd8d48988d1c8941735;YES;Eating out;Family,Friends,Colleagues;;;;;;;Africans;;;;;
ğŸ½ï¸;food;4bf58dd8d48988d10a941735;YES;Eating out;Family,Friends,Colleagues;;;;;;;Arabs & Middle Easterners;;;;;
ğŸ½ï¸;food;4bf58dd8d48988d14e941735;YES;Eating out;Family,Friends,Colleagues;;;;;;;;;;;;
ğŸ½ï¸;food;4bf58dd8d48988d157941735;YES;Eating out;Family,Friends,Colleagues;;;;;;;North Americans;;;;;
ğŸœ;food;4bf58dd8d48988d142941735;YES;Eating out;Family,Friends,Colleagues;;;;;;;;;;;;
ğŸœ;food;56aa371be4b08b9a8d573568;Southeast Asian Cuisine;Eating out;Family,Friends,Colleagues;;;;;;;East Asians & Diaspora;;;;;
ğŸœ;food;52e81612bcbc57f1066b7a03;Southeast Asian Cuisine;Eating out;Family,Friends,Colleagues;;;;;;;East Asians & Diaspora;;;;;
ğŸœ;food;4bf58dd8d48988d145941735;Chinese Cuisine;Eating out;Family,Friends,Colleagues;;;;;;;East Asians & Diaspora;;;;;
ğŸœ;food;52af3a5e3cf9994f4e043bea;Chinese Cuisine;Eating out;Family,Friends,Colleagues;;;;;;;East Asians & Diaspora;;;;;
ğŸœ;food;52af3a723cf9994f4e043bec;Chinese Cuisine;Eating out;Family,Friends,Colleagues;;;;;;;East Asians & Diaspora;;;;;
ğŸœ;food;52af3a7c3cf9994f4e043bed;Chinese Cuisine;Eating out;Family,Friends,Colleagues;;;;;;;East Asians & Diaspora;;;;;
ğŸœ;food;58daa1558bbb0b01f18ec1d3;Chinese Cuisine;Eating out;Family,Friends,Colleagues;;;;;;;East Asians & Diaspora;;;;;
ğŸœ;food;52af3a673cf9994f4e043beb;Chinese Cuisine;Eating out;Family,Friends,Colleagues;;;;;;;East Asians & Diaspora;;;;;
ğŸœ;food;52af3a903cf9994f4e043bee;Chinese Cuisine;Eating out;Family,Friends,Colleagues;;;;;;;East Asians & Diaspora;;;;;
ğŸœ;food;4bf58dd8d48988d1f5931735;Chinese Cuisine;Eating out;Family,Friends,Colleagues;;;;;;;East Asians & Diaspora;;;;;
ğŸœ;food;52af3a9f3cf9994f4e043bef;Chinese Cuisine;Eating out;Family,Friends,Colleagues;;;;;;;East Asians & Diaspora;;;;;
ğŸœ;food;52af3aaa3cf9994f4e043bf0;Chinese Cuisine;Eating out;Family,Friends,Colleagues;;;;;;;East Asians & Diaspora;;;;;
ğŸœ;food;52af3ab53cf9994f4e043bf1;Chinese Cuisine;Eating out;Family,Friends,Colleagues;;;;;;;East Asians & Diaspora;;;;;
ğŸœ;food;52af3abe3cf9994f4e043bf2;Chinese Cuisine;Eating out;Family,Friends,Colleagues;;;;;;;East Asians & Diaspora;;;;;
ğŸœ;food;52af3ac83cf9994f4e043bf3;Chinese Cuisine;Eating out;Family,Friends,Colleagues;;;;;;;East Asians & Diaspora;;;;;
ğŸœ;food;52af3ad23cf9994f4e043bf4;Chinese Cuisine;Eating out;Family,Friends,Colleagues;;;;;;;East Asians & Diaspora;;;;;
ğŸœ;food;52af3add3cf9994f4e043bf5;Chinese Cuisine;Eating out;Family,Friends,Colleagues;;;;;;;East Asians & Diaspora;;;;;
ğŸœ;food;52af3af23cf9994f4e043bf7;Chinese Cuisine;Eating out;Family,Friends,Colleagues;;;;;;;East Asians & Diaspora;;;;;
ğŸœ;food;52af3ae63cf9994f4e043bf6;Chinese Cuisine;Eating out;Family,Friends,Colleagues;;;;;;;East Asians & Diaspora;;;;;
ğŸœ;food;52af3afc3cf9994f4e043bf8;Chinese Cuisine;Eating out;Family,Friends,Colleagues;;;;;;;East Asians & Diaspora;;;;;
ğŸœ;food;52af3b053cf9994f4e043bf9;Chinese Cuisine;Eating out;Family,Friends,Colleagues;;;;;;;East Asians & Diaspora;;;;;
ğŸœ;food;52af3b213cf9994f4e043bfa;Chinese Cuisine;Eating out;Family,Friends,Colleagues;;;;;;;East Asians & Diaspora;;;;;
ğŸœ;food;52af3b293cf9994f4e043bfb;Chinese Cuisine;Eating out;Family,Friends,Colleagues;;;;;;;East Asians & Diaspora;;;;;
ğŸœ;food;52af3b343cf9994f4e043bfc;Chinese Cuisine;Eating out;Family,Friends,Colleagues;;;;;;;East Asians & Diaspora;;;;;
ğŸœ;food;52af3b3b3cf9994f4e043bfd;Chinese Cuisine;Eating out;Family,Friends,Colleagues;;;;;;;East Asians & Diaspora;;;;;
ğŸœ;food;52af3b463cf9994f4e043bfe;Chinese Cuisine;Eating out;Family,Friends,Colleagues;;;;;;;East Asians & Diaspora;;;;;
ğŸœ;food;52af3b633cf9994f4e043c01;Chinese Cuisine;Eating out;Family,Friends,Colleagues;;;;;;;East Asians & Diaspora;;;;;
ğŸœ;food;52af3b513cf9994f4e043bff;Chinese Cuisine;Eating out;Family,Friends,Colleagues;;;;;;;East Asians & Diaspora;;;;;
ğŸœ;food;52af3b593cf9994f4e043c00;Chinese Cuisine;Eating out;Family,Friends,Colleagues;;;;;;;East Asians & Diaspora;;;;;
ğŸœ;food;52af3b6e3cf9994f4e043c02;Chinese Cuisine;Eating out;Family,Friends,Colleagues;;;;;;;East Asians & Diaspora;;;;;
ğŸœ;food;52af3b773cf9994f4e043c03;Chinese Cuisine;Eating out;Family,Friends,Colleagues;;;;;;;East Asians & Diaspora;;;;;
ğŸœ;food;52af3b813cf9994f4e043c04;Chinese Cuisine;Eating out;Family,Friends,Colleagues;;;;;;;East Asians & Diaspora;;;;;
ğŸœ;food;52af3b893cf9994f4e043c05;Chinese Cuisine;Eating out;Family,Friends,Colleagues;;;;;;;East Asians & Diaspora;;;;;
ğŸœ;food;52af3b913cf9994f4e043c06;Chinese Cuisine;Eating out;Family,Friends,Colleagues;;;;;;;East Asians & Diaspora;;;;;
ğŸœ;food;52af3b9a3cf9994f4e043c07;Chinese Cuisine;Eating out;Family,Friends,Colleagues;;;;;;;East Asians & Diaspora;;;;;
ğŸœ;food;52af3ba23cf9994f4e043c08;Chinese Cuisine;Eating out;Family,Friends,Colleagues;;;;;;;East Asians & Diaspora;;;;;
ğŸœ;food;4eb1bd1c3b7b55596b4a748f;Southeast Asian Cuisine;Eating out;Family,Friends,Colleagues;;;;;;;East Asians & Diaspora;;;;;
ğŸœ;food;52e81612bcbc57f1066b79fb;Southeast Asian Cuisine;Eating out;Family,Friends,Colleagues;;;;;;;East Asians & Diaspora;;;;;
ğŸœ;food;52af0bd33cf9994f4e043bdd;Southeast Asian Cuisine;Eating out;Family,Friends,Colleagues;;;;;;;East Asians & Diaspora;;;;;
ğŸœ;food;4deefc054765f83613cdba6f;Southeast Asian Cuisine;Eating out;Family,Friends,Colleagues;;;;;;;East Asians & Diaspora;;;;;
ğŸœ;food;52960eda3cf9994f4e043ac9;Southeast Asian Cuisine;Eating out;Family,Friends,Colleagues;;;;;;;East Asians & Diaspora;;;;;
ğŸœ;food;52960eda3cf9994f4e043acb;Southeast Asian Cuisine;Eating out;Family,Friends,Colleagues;;;;;;;East Asians & Diaspora;;;;;
ğŸœ;food;52960eda3cf9994f4e043aca;Southeast Asian Cuisine;Eating out;Family,Friends,Colleagues;;;;;;;East Asians & Diaspora;;;;;
ğŸœ;food;52960eda3cf9994f4e043acc;Southeast Asian Cuisine;Eating out;Family,Friends,Colleagues;;;;;;;East Asians & Diaspora;;;;;
ğŸœ;food;52960eda3cf9994f4e043ac7;Southeast Asian Cuisine;Eating out;Family,Friends,Colleagues;;;;;;;East Asians & Diaspora;;;;;
ğŸœ;food;52960eda3cf9994f4e043ac8;Southeast Asian Cuisine;Eating out;Family,Friends,Colleagues;;;;;;;East Asians & Diaspora;;;;;
ğŸœ;food;52960eda3cf9994f4e043ac5;Southeast Asian Cuisine;Eating out;Family,Friends,Colleagues;;;;;;;East Asians & Diaspora;;;;;
ğŸœ;food;52960eda3cf9994f4e043ac6;Southeast Asian Cuisine;Eating out;Family,Friends,Colleagues;;;;;;;East Asians & Diaspora;;;;;
ğŸœ;food;4bf58dd8d48988d111941735;Japanese Cuisine;Eating out;Family,Friends,Colleagues;;;;;;;East Asians & Diaspora;;;;;
ğŸœ;food;55a59bace4b013909087cb0c;Japanese Cuisine;Eating out;Family,Friends,Colleagues;;;;;;;East Asians & Diaspora;;;;;
ğŸœ;food;55a59bace4b013909087cb30;Japanese Cuisine;Eating out;Family,Friends,Colleagues;;;;;;;East Asians & Diaspora;;;;;
ğŸœ;food;55a59bace4b013909087cb21;Japanese Cuisine;Eating out;Family,Friends,Colleagues;;;;;;;East Asians & Diaspora;;;;;
ğŸœ;food;55a59bace4b013909087cb06;Japanese Cuisine;Eating out;Family,Friends,Colleagues;;;;;;;East Asians & Diaspora;;;;;
ğŸœ;food;55a59bace4b013909087cb1b;Japanese Cuisine;Eating out;Family,Friends,Colleagues;;;;;;;East Asians & Diaspora;;;;;
ğŸœ;food;55a59bace4b013909087cb1e;Japanese Cuisine;Eating out;Family,Friends,Colleagues;;;;;;;East Asians & Diaspora;;;;;
ğŸœ;food;55a59bace4b013909087cb18;Japanese Cuisine;Eating out;Family,Friends,Colleagues;;;;;;;East Asians & Diaspora;;;;;
ğŸœ;food;55a59bace4b013909087cb24;Japanese Cuisine;Eating out;Family,Friends,Colleagues;;;;;;;East Asians & Diaspora;;;;;
ğŸœ;food;55a59bace4b013909087cb15;Japanese Cuisine;Eating out;Family,Friends,Colleagues;;;;;;;East Asians & Diaspora;;;;;
ğŸœ;food;55a59bace4b013909087cb27;Japanese Cuisine;Eating out;Family,Friends,Colleagues;;;;;;;East Asians & Diaspora;;;;;
ğŸœ;food;55a59bace4b013909087cb12;Japanese Cuisine;Eating out;Family,Friends,Colleagues;;;;;;;East Asians & Diaspora;;;;;
ğŸ£;food;4bf58dd8d48988d1d2941735;Japanese Cuisine;Eating out;Family,Friends,Colleagues;;;;;;;East Asians & Diaspora;;;;;
ğŸœ;food;55a59bace4b013909087cb2d;Japanese Cuisine;Eating out;Family,Friends,Colleagues;;;;;;;East Asians & Diaspora;;;;;
ğŸœ;food;55a59a31e4b013909087cb00;Japanese Cuisine;Eating out;Family,Friends,Colleagues;;;;;;;East Asians & Diaspora;;;;;
ğŸœ;food;55a59af1e4b013909087cb03;Japanese Cuisine;Eating out;Family,Friends,Colleagues;;;;;;;East Asians & Diaspora;;;;;
ğŸœ;food;55a59bace4b013909087cb2a;Japanese Cuisine;Eating out;Family,Friends,Colleagues;;;;;;;East Asians & Diaspora;;;;;
ğŸœ;food;55a59bace4b013909087cb0f;Japanese Cuisine;Eating out;Family,Friends,Colleagues;;;;;;;East Asians & Diaspora;;;;;
ğŸœ;food;55a59bace4b013909087cb33;Japanese Cuisine;Eating out;Family,Friends,Colleagues;;;;;;;East Asians & Diaspora;;;;;
ğŸœ;food;55a59bace4b013909087cb09;Japanese Cuisine;Eating out;Family,Friends,Colleagues;;;;;;;East Asians & Diaspora;;;;;
ğŸœ;food;55a59bace4b013909087cb36;Japanese Cuisine;Eating out;Family,Friends,Colleagues;;;;;;;East Asians & Diaspora;;;;;
ğŸœ;food;4bf58dd8d48988d113941735;Korean Cuisine;Eating out;Family,Friends,Colleagues;;;;;;;;;;;;
ğŸœ;food;56aa371be4b08b9a8d5734e4;Korean Cuisine;Eating out;Family,Friends,Colleagues;;;;;;;East Asians & Diaspora;;;;;
ğŸœ;food;56aa371be4b08b9a8d5734f0;Korean Cuisine;Eating out;Family,Friends,Colleagues;;;;;;;East Asians & Diaspora;;;;;
ğŸœ;food;56aa371be4b08b9a8d5734e7;Korean Cuisine;Eating out;Family,Friends,Colleagues;;;;;;;East Asians & Diaspora;;;;;
ğŸœ;food;56aa371be4b08b9a8d5734ed;Korean Cuisine;Eating out;Family,Friends,Colleagues;;;;;;;East Asians & Diaspora;;;;;
ğŸœ;food;56aa371be4b08b9a8d5734ea;Korean Cuisine;Eating out;Family,Friends,Colleagues;;;;;;;East Asians & Diaspora;;;;;
ğŸœ;food;4bf58dd8d48988d156941735;Southeast Asian Cuisine;Eating out;Family,Friends,Colleagues;;;;;;;East Asians & Diaspora;;;;;
ğŸœ;food;4eb1d5724b900d56c88a45fe;Southeast Asian Cuisine;Eating out;Family,Friends,Colleagues;;;;;;;East Asians & Diaspora;;;;;
ğŸœ;food;4bf58dd8d48988d1d1941735;Southeast Asian Cuisine;Eating out;Family,Friends,Colleagues;;;;;;;East Asians & Diaspora;;;;;
ğŸœ;food;56aa371be4b08b9a8d57350e;Southeast Asian Cuisine;Eating out;Family,Friends,Colleagues;;;;;;;East Asians & Diaspora;;;;;
ğŸœ;food;4bf58dd8d48988d149941735;Thai Cuisine;Eating out;Family,Friends,Colleagues;;;;;;;East Asians & Diaspora;;;;;
ğŸœ;food;56aa371be4b08b9a8d573502;Thai Cuisine;Eating out;Family,Friends,Colleagues;;;;;;;East Asians & Diaspora;;;;;
ğŸœ;food;52af39fb3cf9994f4e043be9;Southeast Asian Cuisine;Eating out;Family,Friends,Colleagues;;;;;;;East Asians & Diaspora;;;;;
ğŸœ;food;4bf58dd8d48988d14a941735;Vietnamese Cuisine;Eating out;Family,Friends,Colleagues;;;;;;;Southeast Asians & Pacific Islanders;;;;;
ğŸ½ï¸;food;4bf58dd8d48988d169941735;North American Cuisine;Eating out;Family,Friends,Colleagues;;;;;;;;;;;;
ğŸ½ï¸;food;52e81612bcbc57f1066b7a01;Western European Cuisine,German Cuisine;Eating out;Family,Friends,Colleagues;;;;;;;Western Europeans;;;;;
ğŸ—;food;4bf58dd8d48988d1df931735;North American Cuisine;Eating out;Family,Friends,Colleagues;;;;;;;;;;;;
ğŸ½ï¸;food;4bf58dd8d48988d179941735;North American Cuisine;Eating out;Family,Friends,Colleagues;;;;;;;;;;;;
ğŸ¥–;food;4bf58dd8d48988d16a941735;Bakeries;Eating out;Family,Friends,Colleagues;;;;;;;;;;;;
ğŸŸ;food;52e81612bcbc57f1066b7a02;French Cuisine;Eating out;Family,Friends,Colleagues;;;;;;;Western Europeans;;;;;
ğŸ·;food;52e81612bcbc57f1066b79f1;French Cuisine;Eating out;Family,Friends,Colleagues;;;;;;;;;;;;
â˜•;food;4bf58dd8d48988d143941735;YES;Eating out;Family,Friends,Colleagues;;;;;;;;;;;;
ğŸµ;food;52e81612bcbc57f1066b7a0c;YES;Eating out;Family,Friends,Colleagues;;;;;;;;;;;;
ğŸ½ï¸;food;52e81612bcbc57f1066b79f4;YES;Eating out;Family,Friends,Colleagues;;;;;;;;;;Low;;
ğŸ”;food;4bf58dd8d48988d16c941735;YES;Eating out;Family,Friends,Colleagues;;;;;;;;;;;;
ğŸ½ï¸;food;4bf58dd8d48988d128941735;YES;Eating out;Family,Friends,Colleagues;;;;;;;;;;;;
â˜•;coffee;4bf58dd8d48988d16d941735;YES;Eating out;Family,Friends,Colleagues;;;;;;;;;;;;
ğŸ½ï¸;food;4bf58dd8d48988d17a941735;Caribbean Cuisine;Eating out;Family,Friends,Colleagues;;;;;;;Latinos & Latin-Americans;;;;;
ğŸ½ï¸;food;4bf58dd8d48988d144941735;Caribbean Cuisine;Eating out;Family,Friends,Colleagues;;;;;;;Latinos & Latin-Americans;;;;;
ğŸ½ï¸;food;4bf58dd8d48988d154941735;Caribbean Cuisine;Eating out;Family,Friends,Colleagues;;;;;;;Latinos & Latin-Americans;;;;;
ğŸ½ï¸;food;5293a7d53cf9994f4e043a45;Eastern European Cuisine;Eating out;Family,Friends,Colleagues;;;;;;;Latinos & Latin-Americans;;;;;
â˜•;coffee;4bf58dd8d48988d1e0931735;YES;Eating out;Family,Friends,Colleagues;;;;;;;;;;;;
ğŸ”;food;52e81612bcbc57f1066b7a00;YES;Eating out;Family,Friends,Colleagues;;;;;;;;;;;;
ğŸ¥;food;52e81612bcbc57f1066b79f2;French Cuisine;Eating out;Family,Friends,Colleagues;;;;;;;Western Europeans;;;;;
ğŸ½ï¸;food;52f2ae52bcbc57f1066b8b81;Eastern European Cuisine;Eating out;Family,Friends,Colleagues;;;;;;;Eastern Europeans;;;;;
ğŸŒ­;food;4bf58dd8d48988d146941735;YES;Eating out;Family,Friends,Colleagues;;;;;;;;;;;;
ğŸ°;donut;4bf58dd8d48988d1d0941735;YES;Eating out;Family,Friends,Colleagues;;;;;;;;;;;;
ğŸ‚;donut;4bf58dd8d48988d1bc941735;YES;Eating out;Family,Friends,Colleagues;;;;;;;;;;;;
ğŸ¨;donut;512e7cae91d4cbb4e5efe0af;YES;Eating out;Family,Friends,Colleagues;;;;;;;;;;;;
ğŸ¦;donut;4bf58dd8d48988d1c9941735;YES;Eating out;Family,Friends,Colleagues;;;;;;;;;;;;
ğŸ¥;donut;5744ccdfe4b0c0459246b4e2;YES;Eating out;Family,Friends,Colleagues;;;;;;;;;;;;
ğŸ°;food;52e81612bcbc57f1066b7a0a;YES;Eating out;Family,Friends,Colleagues;;;;;;;;;;;;
ğŸ½ï¸;food;4bf58dd8d48988d147941735;North American Cuisine;Eating out;Family,Friends,Colleagues;;;;;;;;;;;;
ğŸ©;donut;4bf58dd8d48988d148941735;YES;Eating out;Family,Friends,Colleagues;;;;;;;;;;;;
ğŸœ;food;4bf58dd8d48988d108941735;Chinese Cuisine;Eating out;Family,Friends,Colleagues;;;;;;;;;;;;
ğŸ½ï¸;food;5744ccdfe4b0c0459246b4d0;Western European Cuisine;Eating out;Family,Friends,Colleagues;;;;;;;Western Europeans;;;;;
ğŸ½ï¸;food;4bf58dd8d48988d109941735;Eastern European Cuisine;Eating out;Family,Friends,Colleagues;;;;;;;Eastern Europeans;;;;;
ğŸ½ï¸;food;52e928d0bcbc57f1066b7e97;Eastern European Cuisine;Eating out;Family,Friends,Colleagues;;;;;;;Eastern Europeans;;;;;
ğŸ½ï¸;food;58daa1558bbb0b01f18ec1ee;Eastern European Cuisine;Eating out;Family,Friends,Colleagues;;;;;;;Eastern Europeans;;;;;
ğŸ½ï¸;food;56aa371be4b08b9a8d5734f3;Eastern European Cuisine;Eating out;Family,Friends,Colleagues;;;;;;;Eastern Europeans;;;;;
ğŸ½ï¸;food;52960bac3cf9994f4e043ac4;Eastern European Cuisine;Eating out;Family,Friends,Colleagues;;;;;;;Eastern Europeans;;;;;
ğŸ½ï¸;food;52e928d0bcbc57f1066b7e98;Eastern European Cuisine;Eating out;Family,Friends,Colleagues;;;;;;;Eastern Europeans;;;;;
ğŸŸ;food;52e81612bcbc57f1066b7a05;Western European Cuisine;Eating out;Family,Friends,Colleagues;;;;;;;Western Europeans;;;;;
ğŸ¥™;food;4bf58dd8d48988d10b941735;Middle Eastern Cuisine;Eating out;Family,Friends,Colleagues;;;;;;;Jewish Culture;;;;;
ğŸŸ;food;4bf58dd8d48988d16e941735;Western European Cuisine;Eating out;Family,Friends,Colleagues;;;;;;;;;;Low;;
ğŸŸ;food;4edd64a0c7ddd24ca188df1a;Western European Cuisine;Eating out;Family,Friends,Colleagues;;;;;;;Western Europeans;;;;;
ğŸ½ï¸;food;52e81612bcbc57f1066b7a09;Western European Cuisine;Eating out;Family,Friends,Colleagues;;;;;;;Western Europeans;;;;;
ğŸ½ï¸;food;4bf58dd8d48988d120951735;Western European Cuisine;Eating out;Family,Friends,Colleagues;;;;;;;;;;Low;;
ğŸ½ï¸;food;56aa371be4b08b9a8d57350b;Western European Cuisine;Eating out;Family,Friends,Colleagues;;;;;;;;;;;;
ğŸ½ï¸;food;4bf58dd8d48988d1cb941735;Western European Cuisine;Eating out;Family,Friends,Colleagues;;;;;;;;;;Low;;
ğŸ·;food;4bf58dd8d48988d10c941735;Western European Cuisine,French Cuisine;Eating out;Family,Friends,Colleagues;;;;;;;Western Europeans;;;High;;
ğŸ·;food;57558b36e4b065ecebd306b6;Western European Cuisine,French Cuisine;Eating out;Family,Friends,Colleagues;;;;;;;Western Europeans;;;;;
ğŸ·;food;57558b36e4b065ecebd306b8;Western European Cuisine,French Cuisine;Eating out;Family,Friends,Colleagues;;;;;;;Western Europeans;;;;;
ğŸ·;food;57558b36e4b065ecebd306bc;Western European Cuisine,French Cuisine;Eating out;Family,Friends,Colleagues;;;;;;;Western Europeans;;;;;
ğŸ·;food;57558b36e4b065ecebd306b0;Western European Cuisine,French Cuisine;Eating out;Family,Friends,Colleagues;;;;;;;Western Europeans;;;;;
ğŸ·;food;57558b36e4b065ecebd306c5;Western European Cuisine,French Cuisine;Eating out;Family,Friends,Colleagues;;;;;;;Western Europeans;;;;;
ğŸ·;food;57558b36e4b065ecebd306c0;Western European Cuisine,French Cuisine;Eating out;Family,Friends,Colleagues;;;;;;;Western Europeans;;;;;
ğŸ·;food;57558b36e4b065ecebd306cb;Western European Cuisine,French Cuisine;Eating out;Family,Friends,Colleagues;;;;;;;Western Europeans;;;;;
ğŸ·;food;57558b36e4b065ecebd306ce;Western European Cuisine,French Cuisine;Eating out;Family,Friends,Colleagues;;;;;;;Western Europeans;;;;;
ğŸ·;food;57558b36e4b065ecebd306d1;Western European Cuisine,French Cuisine;Eating out;Family,Friends,Colleagues;;;;;;;Western Europeans;;;;;
ğŸ·;food;57558b36e4b065ecebd306b4;Western European Cuisine,French Cuisine;Eating out;Family,Friends,Colleagues;;;;;;;Western Europeans;;;;;
ğŸ·;food;57558b36e4b065ecebd306b2;Western European Cuisine,French Cuisine;Eating out;Family,Friends,Colleagues;;;;;;;Western Europeans;;;;;
ğŸ·;food;57558b35e4b065ecebd306ad;Western European Cuisine,French Cuisine;Eating out;Family,Friends,Colleagues;;;;;;;Western Europeans;;;;;
ğŸ·;food;57558b36e4b065ecebd306d4;Western European Cuisine,French Cuisine;Eating out;Family,Friends,Colleagues;;;;;;;Western Europeans;;;;;
ğŸ·;food;57558b36e4b065ecebd306d7;Western European Cuisine,French Cuisine;Eating out;Family,Friends,Colleagues;;;;;;;Western Europeans;;;;;
ğŸ·;food;57558b36e4b065ecebd306da;Western European Cuisine,French Cuisine;Eating out;Family,Friends,Colleagues;;;;;;;Western Europeans;;;;;
ğŸ·;food;57558b36e4b065ecebd306ba;Western European Cuisine,French Cuisine;Eating out;Family,Friends,Colleagues;;;;;;;Western Europeans;;;;;
ğŸ—;food;4d4ae6fc7a7b7dea34424761;North American Cuisine;Eating out;Family,Friends,Colleagues;;;;;;;;;;;;
ğŸŸ;food;55d25775498e9f6a0816a37a;Western European Cuisine,French Cuisine;Eating out;Family,Friends,Colleagues;;;;;;;;;;;;
ğŸ·;food;4bf58dd8d48988d155941735;Western European Cuisine;Eating out;Family,Friends,Colleagues;;;;;;;;;;High;;
ğŸ»;food;4bf58dd8d48988d10d941735;Western European Cuisine,German Cuisine;Eating out;Family,Friends,Colleagues;;;;;;;Western Europeans;;;;;
ğŸ»;beer;56aa371ce4b08b9a8d573583;Western European Cuisine,German Cuisine;Having a drink,Eating out;Family,Friends,Colleagues;;;;;;;Western Europeans;;;;;
ğŸ»;food;56aa371ce4b08b9a8d573572;Western European Cuisine,German Cuisine;Eating out;Family,Friends,Colleagues;;;;;;;Western Europeans;;;;;
ğŸŒ­;food;56aa371ce4b08b9a8d57358e;Western European Cuisine,German Cuisine;Eating out;Family,Friends,Colleagues;;;;;;;Western Europeans;;;;;
ğŸŒ­;food;56aa371ce4b08b9a8d57358b;Western European Cuisine,German Cuisine;Eating out;Family,Friends,Colleagues;;;;;;;Western Europeans;;;;;
ğŸ»;food;56aa371ce4b08b9a8d573574;Western European Cuisine,German Cuisine;Eating out;Family,Friends,Colleagues;;;;;;;Western Europeans;;;;;
ğŸŒ­;food;56aa371ce4b08b9a8d573592;Western European Cuisine,German Cuisine;Eating out;Family,Friends,Colleagues;;;;;;;Western Europeans;;;;;
ğŸ»;food;56aa371ce4b08b9a8d573578;Western European Cuisine,German Cuisine;Eating out;Family,Friends,Colleagues;;;;;;;Western Europeans;;;;;
ğŸ»;food;56aa371ce4b08b9a8d57357b;Western European Cuisine,German Cuisine;Eating out;Family,Friends,Colleagues;;;;;;;Western Europeans;;;;;
ğŸ»;food;56aa371ce4b08b9a8d573587;Western European Cuisine,German Cuisine;Eating out;Family,Friends,Colleagues;;;;;;;Western Europeans;;;;;
ğŸ»;food;56aa371ce4b08b9a8d57357f;Western European Cuisine,German Cuisine;Eating out;Family,Friends,Colleagues;;;;;;;Western Europeans;;;;;
ğŸ»;food;56aa371ce4b08b9a8d573576;Western European Cuisine,German Cuisine;Eating out;Family,Friends,Colleagues;;;;;;;Western Europeans;;;;;
ğŸ¥—;food;4c2cd86ed066bed06c3c5209;YES;Eating out;Family,Friends,Colleagues;;;;;Gluten-free;;;;;;;
ğŸ¥™;food;4bf58dd8d48988d10e941735;Mediterranean Cuisine,Greek Cuisine;Eating out;Family,Friends,Colleagues;;;;;;;Western Europeans;;;;;
ğŸ¥™;food;53d6c1b0e4b02351e88a83e8;Mediterranean Cuisine,Greek Cuisine;Eating out;Family,Friends,Colleagues;;;;;;;Western Europeans;;;;;
ğŸ¥™;food;53d6c1b0e4b02351e88a83e2;Mediterranean Cuisine,Greek Cuisine;Eating out;Family,Friends,Colleagues;;;;;;;Western Europeans;;;;;
ğŸ¥™;food;53d6c1b0e4b02351e88a83d8;Mediterranean Cuisine,Greek Cuisine;Eating out;Family,Friends,Colleagues;;;;;;;Western Europeans;;;;;
ğŸ¥™;food;53d6c1b0e4b02351e88a83d6;Mediterranean Cuisine,Greek Cuisine;Eating out;Family,Friends,Colleagues;;;;;;;Western Europeans;;;;;
ğŸ¥™;food;53d6c1b0e4b02351e88a83e6;Mediterranean Cuisine,Greek Cuisine;Eating out;Family,Friends,Colleagues;;;;;;;Western Europeans;;;;;
ğŸ¥™;food;53d6c1b0e4b02351e88a83e4;Mediterranean Cuisine,Greek Cuisine;Eating out;Family,Friends,Colleagues;;;;;;;Western Europeans;;;;;
ğŸ¥™;food;53d6c1b0e4b02351e88a83da;Mediterranean Cuisine,Greek Cuisine;Eating out;Family,Friends,Colleagues;;;;;;;Western Europeans;;;;;
ğŸ¥™;food;53d6c1b0e4b02351e88a83d4;Mediterranean Cuisine,Greek Cuisine;Eating out;Family,Friends,Colleagues;;;;;;;Western Europeans;;;;;
ğŸ¥™;food;53d6c1b0e4b02351e88a83dc;Mediterranean Cuisine,Greek Cuisine;Eating out;Family,Friends,Colleagues;;;;;;;Western Europeans;;;;;
ğŸ¥™;food;53d6c1b0e4b02351e88a83e0;Mediterranean Cuisine,Greek Cuisine;Eating out;Family,Friends,Colleagues;;;;;;;Western Europeans;;;;;
ğŸ¥™;food;52e81612bcbc57f1066b79f3;Mediterranean Cuisine,Greek Cuisine;Eating out;Family,Friends,Colleagues;;;;;;;Western Europeans;;;;;
ğŸ¥™;food;53d6c1b0e4b02351e88a83d2;Mediterranean Cuisine,Greek Cuisine;Eating out;Family,Friends,Colleagues;;;;;;;Western Europeans;;;;;
ğŸ¥™;food;53d6c1b0e4b02351e88a83de;Mediterranean Cuisine,Greek Cuisine;Eating out;Family,Friends,Colleagues;;;;;;;Western Europeans;;;;;
ğŸ½ï¸;food;52e81612bcbc57f1066b79ff;Middle Eastern Cuisine;Eating out;Family,Friends,Colleagues;;Islam;;;;;Arabs & Middle Easterners;;;;;
ğŸ;food;52e81612bcbc57f1066b79fe;North American Cuisine;Eating out;Family,Friends,Colleagues;;;;;;;North Americans;;;;;
ğŸŒ­;food;4bf58dd8d48988d16f941735;North American Cuisine;Eating out;Family,Friends,Colleagues;;;;;;;;;;;;
ğŸ½ï¸;food;52e81612bcbc57f1066b79fa;Western European Cuisine;Eating out;Family,Friends,Colleagues;;;;;;;Western Europeans;;;;;
ğŸ›;food;4bf58dd8d48988d10f941735;South Asian Cuisine,Indian Cuisine;Eating out;Family,Friends,Colleagues;;;;;;;South Asians & Diaspora;;;;;
ğŸ›;food;54135bf5e4b08f3d2429dfe5;South Asian Cuisine,Indian Cuisine;Eating out;Family,Friends,Colleagues;;;;;;;South Asians & Diaspora;;;;;
ğŸ›;food;54135bf5e4b08f3d2429dff3;South Asian Cuisine,Indian Cuisine;Eating out;Family,Friends,Colleagues;;;;;;;South Asians & Diaspora;;;;;
ğŸ›;food;54135bf5e4b08f3d2429dff5;South Asian Cuisine,Indian Cuisine;Eating out;Family,Friends,Colleagues;;;;;;;South Asians & Diaspora;;;;;
ğŸ›;food;54135bf5e4b08f3d2429dfe2;South Asian Cuisine,Indian Cuisine;Eating out;Family,Friends,Colleagues;;;;;;;South Asians & Diaspora;;;;;
ğŸ›;food;54135bf5e4b08f3d2429dff2;South Asian Cuisine,Indian Cuisine;Eating out;Family,Friends,Colleagues;;;;;;;South Asians & Diaspora;;;;;
ğŸ›;food;54135bf5e4b08f3d2429dfe1;South Asian Cuisine,Indian Cuisine;Eating out;Family,Friends,Colleagues;;;;;;;South Asians & Diaspora;;;;;
ğŸ›;food;54135bf5e4b08f3d2429dfe3;South Asian Cuisine,Indian Cuisine;Eating out;Family,Friends,Colleagues;;;;;;;South Asians & Diaspora;;;;;
ğŸ›;food;54135bf5e4b08f3d2429dfe8;South Asian Cuisine,Indian Cuisine;Eating out;Family,Friends,Colleagues;;;;;;;South Asians & Diaspora;;;;;
ğŸ›;food;54135bf5e4b08f3d2429dfe9;South Asian Cuisine,Indian Cuisine;Eating out;Family,Friends,Colleagues;;;;;;;South Asians & Diaspora;;;;;
ğŸ›;food;54135bf5e4b08f3d2429dfe6;South Asian Cuisine,Indian Cuisine;Eating out;Family,Friends,Colleagues;;;;;;;South Asians & Diaspora;;;;;
ğŸ›;food;54135bf5e4b08f3d2429dfdf;South Asian Cuisine,Indian Cuisine;Eating out;Family,Friends,Colleagues;;;;;;;South Asians & Diaspora;;;;;
ğŸ›;food;54135bf5e4b08f3d2429dfe4;South Asian Cuisine,Indian Cuisine;Eating out;Family,Friends,Colleagues;;;;;;;South Asians & Diaspora;;;;;
ğŸ›;food;54135bf5e4b08f3d2429dfe7;South Asian Cuisine,Indian Cuisine;Eating out;Family,Friends,Colleagues;;;;;;;South Asians & Diaspora;;;;;
ğŸ›;food;54135bf5e4b08f3d2429dfea;South Asian Cuisine,Indian Cuisine;Eating out;Family,Friends,Colleagues;;;;;;;South Asians & Diaspora;;;;;
ğŸ›;food;54135bf5e4b08f3d2429dfeb;South Asian Cuisine,Indian Cuisine;Eating out;Family,Friends,Colleagues;;;;;;;South Asians & Diaspora;;;;;
ğŸ›;food;54135bf5e4b08f3d2429dfed;South Asian Cuisine,Indian Cuisine;Eating out;Family,Friends,Colleagues;;;;;;;South Asians & Diaspora;;;;;
ğŸ›;food;54135bf5e4b08f3d2429dfee;South Asian Cuisine,Indian Cuisine;Eating out;Family,Friends,Colleagues;;;;;;;South Asians & Diaspora;;;;;
ğŸ›;food;54135bf5e4b08f3d2429dff4;South Asian Cuisine,Indian Cuisine;Eating out;Family,Friends,Colleagues;;;;;;;South Asians & Diaspora;;;;;
ğŸ›;food;54135bf5e4b08f3d2429dfe0;South Asian Cuisine,Indian Cuisine;Eating out;Family,Friends,Colleagues;;;;;;;South Asians & Diaspora;;;;;
ğŸ›;food;54135bf5e4b08f3d2429dfdd;South Asian Cuisine,Indian Cuisine;Eating out;Family,Friends,Colleagues;;;;;;;South Asians & Diaspora;;;;;
ğŸ›;food;54135bf5e4b08f3d2429dff6;South Asian Cuisine,Indian Cuisine;Eating out;Family,Friends,Colleagues;;;;;;;South Asians & Diaspora;;;;;
ğŸ›;food;54135bf5e4b08f3d2429dfef;South Asian Cuisine,Indian Cuisine;Eating out;Family,Friends,Colleagues;;;;;;;South Asians & Diaspora;;;;;
ğŸ›;food;54135bf5e4b08f3d2429dff0;South Asian Cuisine,Indian Cuisine;Eating out;Family,Friends,Colleagues;;;;;;;South Asians & Diaspora;;;;;
ğŸ›;food;54135bf5e4b08f3d2429dff1;South Asian Cuisine,Indian Cuisine;Eating out;Family,Friends,Colleagues;;;;;;;South Asians & Diaspora;;;;;
ğŸ›;food;54135bf5e4b08f3d2429dfde;South Asian Cuisine,Indian Cuisine;Eating out;Family,Friends,Colleagues;;;;;;;South Asians & Diaspora;;;;;
ğŸ›;food;54135bf5e4b08f3d2429dfec;South Asian Cuisine,Indian Cuisine;Eating out;Family,Friends,Colleagues;;;;;;;South Asians & Diaspora;;;;;
ğŸ»;beer;52e81612bcbc57f1066b7a06;Western European Cuisine;Eating out;Family,Friends,Colleagues;;;;;;;Western Europeans;;;;;
ğŸ;food;4bf58dd8d48988d110941735;Mediterranean Cuisine,Italian Cuisine;Eating out;Family,Friends,Colleagues;;;;;;;Western Europeans;;;;;
ğŸ;food;55a5a1ebe4b013909087cbb6;Mediterranean Cuisine,Italian Cuisine;Eating out;Family,Friends,Colleagues;;;;;;;Western Europeans;;;;;
ğŸ;food;55a5a1ebe4b013909087cb7c;Mediterranean Cuisine,Italian Cuisine;Eating out;Family,Friends,Colleagues;;;;;;;Western Europeans;;;;;
ğŸ;food;55a5a1ebe4b013909087cba7;Mediterranean Cuisine,Italian Cuisine;Eating out;Family,Friends,Colleagues;;;;;;;Western Europeans;;;;;
ğŸ;food;55a5a1ebe4b013909087cba1;Mediterranean Cuisine,Italian Cuisine;Eating out;Family,Friends,Colleagues;;;;;;;Western Europeans;;;;;
ğŸ;food;55a5a1ebe4b013909087cba4;Mediterranean Cuisine,Italian Cuisine;Eating out;Family,Friends,Colleagues;;;;;;;Western Europeans;;;;;
ğŸ;food;55a5a1ebe4b013909087cb95;Mediterranean Cuisine,Italian Cuisine;Eating out;Family,Friends,Colleagues;;;;;;;Western Europeans;;;;;
ğŸ;food;55a5a1ebe4b013909087cb89;Mediterranean Cuisine,Italian Cuisine;Eating out;Family,Friends,Colleagues;;;;;;;Western Europeans;;;;;
ğŸ;food;55a5a1ebe4b013909087cb9b;Mediterranean Cuisine,Italian Cuisine;Eating out;Family,Friends,Colleagues;;;;;;;Western Europeans;;;;;
ğŸ;food;55a5a1ebe4b013909087cb98;Mediterranean Cuisine,Italian Cuisine;Eating out;Family,Friends,Colleagues;;;;;;;Western Europeans;;;;;
ğŸ;food;55a5a1ebe4b013909087cbbf;Mediterranean Cuisine,Italian Cuisine;Eating out;Family,Friends,Colleagues;;;;;;;Western Europeans;;;;;
ğŸ;food;55a5a1ebe4b013909087cb79;Mediterranean Cuisine,Italian Cuisine;Eating out;Family,Friends,Colleagues;;;;;;;Western Europeans;;;;;
ğŸ;food;55a5a1ebe4b013909087cbb0;Mediterranean Cuisine,Italian Cuisine;Eating out;Family,Friends,Colleagues;;;;;;;Western Europeans;;;;;
ğŸ;food;55a5a1ebe4b013909087cbb3;Mediterranean Cuisine,Italian Cuisine;Eating out;Family,Friends,Colleagues;;;;;;;Western Europeans;;;;;
ğŸ;food;55a5a1ebe4b013909087cb74;Mediterranean Cuisine,Italian Cuisine;Eating out;Family,Friends,Colleagues;;;;;;;Western Europeans;;;;;
ğŸ;food;55a5a1ebe4b013909087cbaa;Mediterranean Cuisine,Italian Cuisine;Eating out;Family,Friends,Colleagues;;;;;;;Western Europeans;;;;;
ğŸ;food;55a5a1ebe4b013909087cb83;Mediterranean Cuisine,Italian Cuisine;Eating out;Family,Friends,Colleagues;;;;;;;Western Europeans;;;;;
ğŸ;food;55a5a1ebe4b013909087cb8c;Mediterranean Cuisine,Italian Cuisine;Eating out;Family,Friends,Colleagues;;;;;;;Western Europeans;;;;;
ğŸ;food;55a5a1ebe4b013909087cb92;Mediterranean Cuisine,Italian Cuisine;Eating out;Family,Friends,Colleagues;;;;;;;Western Europeans;;;;;
ğŸ;food;55a5a1ebe4b013909087cb8f;Mediterranean Cuisine,Italian Cuisine;Eating out;Family,Friends,Colleagues;;;;;;;Western Europeans;;;;;
ğŸ;food;55a5a1ebe4b013909087cb86;Mediterranean Cuisine,Italian Cuisine;Eating out;Family,Friends,Colleagues;;;;;;;Western Europeans;;;;;
ğŸ;food;55a5a1ebe4b013909087cbb9;Mediterranean Cuisine,Italian Cuisine;Eating out;Family,Friends,Colleagues;;;;;;;Western Europeans;;;;;
ğŸ;food;55a5a1ebe4b013909087cb7f;Mediterranean Cuisine,Italian Cuisine;Eating out;Family,Friends,Colleagues;;;;;;;Western Europeans;;;;;
ğŸ;food;55a5a1ebe4b013909087cbbc;Mediterranean Cuisine,Italian Cuisine;Eating out;Family,Friends,Colleagues;;;;;;;Western Europeans;;;;;
ğŸ;food;55a5a1ebe4b013909087cb9e;Mediterranean Cuisine,Italian Cuisine;Eating out;Family,Friends,Colleagues;;;;;;;Western Europeans;;;;;
ğŸ;food;55a5a1ebe4b013909087cbc2;Mediterranean Cuisine,Italian Cuisine;Eating out;Family,Friends,Colleagues;;;;;;;Western Europeans;;;;;
ğŸ;food;55a5a1ebe4b013909087cbad;Mediterranean Cuisine,Italian Cuisine;Eating out;Family,Friends,Colleagues;;;;;;;Western Europeans;;;;;
ğŸ¥™;food;52e81612bcbc57f1066b79fd;Middle Eastern Cuisine;Eating out;Family,Friends,Colleagues;;Judaism;;;;;Jewish Culture;;;;;
ğŸ¥™;food;52e81612bcbc57f1066b79fc;Middle Eastern Cuisine;Eating out;Family,Friends,Colleagues;;Judaism;;;;;Jewish Culture;;;;;
ğŸŠ;food;4bf58dd8d48988d112941735;YES;Having a drink;Family,Friends,Colleagues;;;;;;;;;;;;
ğŸ¥™;food;5283c7b4e4b094cb91ec88d7;Middle Eastern Cuisine,Greek Cuisine,Mediterranean Cuisine;Eating out;Family,Friends,Colleagues;;;;;;;Latinos & Latin-Americans;;;;;
ğŸ½ï¸;food;4bf58dd8d48988d1be941735;Latin American Cuisine;Eating out;Family,Friends,Colleagues;;;;;;;Latinos & Latin-Americans;;;;;
ğŸ½ï¸;food;4bf58dd8d48988d152941735;Latin American Cuisine;Eating out;Family,Friends,Colleagues;;;;;;;Latinos & Latin-Americans;;;;;
ğŸ½ï¸;food;52939a8c3cf9994f4e043a35;Latin American Cuisine;Eating out;Family,Friends,Colleagues;;;;;;;Latinos & Latin-Americans;;;;;
ğŸ½ï¸;food;5745c7ac498e5d0483112fdb;Latin American Cuisine;Eating out;Family,Friends,Colleagues;;;;;;;Latinos & Latin-Americans;;;;;
ğŸ½ï¸;food;4bf58dd8d48988d1cd941735;South American Cuisine,Latin American Cuisine;Eating out;Family,Friends,Colleagues;;;;;;;Latinos & Latin-Americans;;;;;
ğŸ½ï¸;food;4bf58dd8d48988d107941735;South American Cuisine,Latin American Cuisine;Eating out;Family,Friends,Colleagues;;;;;;;Latinos & Latin-Americans;;;;;
ğŸ½ï¸;food;4bf58dd8d48988d16b941735;South American Cuisine,Latin American Cuisine;Eating out;Family,Friends,Colleagues;;;;;;;Latinos & Latin-Americans;;;;;
ğŸ½ï¸;food;5294c7523cf9994f4e043a62;South American Cuisine,Latin American Cuisine;Eating out;Family,Friends,Colleagues;;;;;;;Latinos & Latin-Americans;;;;;
ğŸ½ï¸;food;52939ae13cf9994f4e043a3b;South American Cuisine,Latin American Cuisine;Eating out;Family,Friends,Colleagues;;;;;;;Latinos & Latin-Americans;;;;;
ğŸ½ï¸;food;52939a9e3cf9994f4e043a36;South American Cuisine,Latin American Cuisine;Eating out;Family,Friends,Colleagues;;;;;;;Latinos & Latin-Americans;;;;;
ğŸ½ï¸;food;52939a643cf9994f4e043a33;South American Cuisine,Latin American Cuisine;Eating out;Family,Friends,Colleagues;;;;;;;Latinos & Latin-Americans;;;;;
ğŸ½ï¸;food;5294c55c3cf9994f4e043a61;South American Cuisine,Latin American Cuisine;Eating out;Family,Friends,Colleagues;;;;;;;Latinos & Latin-Americans;;;;;
ğŸ½ï¸;food;52939af83cf9994f4e043a3d;South American Cuisine,Latin American Cuisine;Eating out;Family,Friends,Colleagues;;;;;;;Latinos & Latin-Americans;;;;;
ğŸ½ï¸;food;52939aed3cf9994f4e043a3c;South American Cuisine,Latin American Cuisine;Eating out;Family,Friends,Colleagues;;;;;;;Latinos & Latin-Americans;;;;;
ğŸ½ï¸;food;52939aae3cf9994f4e043a37;South American Cuisine,Latin American Cuisine;Eating out;Family,Friends,Colleagues;;;;;;;Latinos & Latin-Americans;;;;;
ğŸ½ï¸;food;52939ab93cf9994f4e043a38;South American Cuisine,Latin American Cuisine;Eating out;Family,Friends,Colleagues;;;;;;;Latinos & Latin-Americans;;;;;
ğŸ½ï¸;food;5294cbda3cf9994f4e043a63;South American Cuisine,Latin American Cuisine;Eating out;Family,Friends,Colleagues;;;;;;;Latinos & Latin-Americans;;;;;
ğŸ½ï¸;food;52939ac53cf9994f4e043a39;South American Cuisine,Latin American Cuisine;Eating out;Family,Friends,Colleagues;;;;;;;Latinos & Latin-Americans;;;;;
ğŸ½ï¸;food;52939ad03cf9994f4e043a3a;South American Cuisine,Latin American Cuisine;Eating out;Family,Friends,Colleagues;;;;;;;Latinos & Latin-Americans;;;;;
ğŸ½ï¸;food;52939a7d3cf9994f4e043a34;South American Cuisine,Latin American Cuisine;Eating out;Family,Friends,Colleagues;;;;;;;Latinos & Latin-Americans;;;;;
ğŸ½ï¸;food;58daa1558bbb0b01f18ec1f4;South American Cuisine,Latin American Cuisine;Eating out;Family,Friends,Colleagues;;;;;;;Latinos & Latin-Americans;;;;;
ğŸ½ï¸;food;4eb1bfa43b7b52c0e1adc2e8;South American Cuisine,Latin American Cuisine;Eating out;Family,Friends,Colleagues;;;;;;;Latinos & Latin-Americans;;;;;
ğŸ½ï¸;food;56aa371be4b08b9a8d573558;South American Cuisine,Latin American Cuisine;Eating out;Family,Friends,Colleagues;;;;;;;Latinos & Latin-Americans;;;;;
ğŸ§€;food;4bf58dd8d48988d1bf941735;North American Cuisine;Eating out;Family,Friends,Colleagues;;;;;;;;;;;;
ğŸ½ï¸;food;4bf58dd8d48988d1c0941735;Mediterranean Cuisine;Eating out;Family,Friends,Colleagues;;;;;;;Western Europeans;;;;;
ğŸ½ï¸;food;4bf58dd8d48988d1c3941735;Mediterranean Cuisine;Eating out;Family,Friends,Colleagues;;;;;;;Arabs & Middle Easterners;;;;;
ğŸŒ®;food;4bf58dd8d48988d1c1941735;South American Cuisine,Mexican Cuisine;Eating out;Family,Friends,Colleagues;;;;;;;Latinos & Latin-Americans;;;;;
ğŸŒ®;food;58daa1558bbb0b01f18ec1d9;South American Cuisine,Mexican Cuisine;Eating out;Family,Friends,Colleagues;;;;;;;Latinos & Latin-Americans;;;;;
ğŸŒ®;food;4bf58dd8d48988d153941735;South American Cuisine,Mexican Cuisine;Eating out;Family,Friends,Colleagues;;;;;;;Latinos & Latin-Americans;;;;;
ğŸŒ®;food;4bf58dd8d48988d151941735;South American Cuisine,Mexican Cuisine;Eating out;Family,Friends,Colleagues;;;;;;;Latinos & Latin-Americans;;;;;
ğŸŒ®;food;56aa371ae4b08b9a8d5734ba;South American Cuisine,Mexican Cuisine;Eating out;Family,Friends,Colleagues;;;;;;;Latinos & Latin-Americans;;;;;
ğŸŒ®;food;5744ccdfe4b0c0459246b4d3;South American Cuisine,Mexican Cuisine;Eating out;Family,Friends,Colleagues;;;;;;;Latinos & Latin-Americans;;;;;
ğŸ½ï¸;food;4bf58dd8d48988d115941735;Middle Eastern Cuisine;Eating out;Family,Friends,Colleagues;;;;;;;Eastern Europeans;;;;;
ğŸ½ï¸;food;56aa371be4b08b9a8d573529;Middle Eastern Cuisine;Eating out;Family,Friends,Colleagues;;;;;;;Jewish Culture;;;;;
ğŸ½ï¸;food;5744ccdfe4b0c0459246b4ca;Middle Eastern Cuisine;Eating out;Family,Friends,Colleagues;;;;;;;Arabs & Middle Easterners;;;;;
ğŸ½ï¸;food;58daa1558bbb0b01f18ec1cd;Middle Eastern Cuisine;Eating out;Family,Friends,Colleagues;;;;;;;Arabs & Middle Easterners;;;;;
ğŸ½ï¸;food;52e81612bcbc57f1066b79f7;Middle Eastern Cuisine;Eating out;Family,Friends,Colleagues;;;;;;;Arabs & Middle Easterners;;;;;
ğŸ½ï¸;food;58daa1558bbb0b01f18ec1bc;Middle Eastern Cuisine;Eating out;Family,Friends,Colleagues;;;;;;;Arabs & Middle Easterners;;;;;
ğŸ½ï¸;food;58daa1558bbb0b01f18ec1c0;Middle Eastern Cuisine;Eating out;Family,Friends,Colleagues;;;;;;;Arabs & Middle Easterners;;;;;
ğŸ½ï¸;food;58daa1558bbb0b01f18ec1c4;Middle Eastern Cuisine;Eating out;Family,Friends,Colleagues;;;;;;;Arabs & Middle Easterners;;;;;
ğŸ½ï¸;food;58daa1558bbb0b01f18ec1c7;Middle Eastern Cuisine;Eating out;Family,Friends,Colleagues;;;;;;;Arabs & Middle Easterners;;;;;
ğŸ½ï¸;food;5744ccdfe4b0c0459246b4a8;Middle Eastern Cuisine;Eating out;Family,Friends,Colleagues;;;;;;;Arabs & Middle Easterners;;;;;
ğŸ½ï¸;food;52e81612bcbc57f1066b79f9;Western European Cuisine;Eating out;Family,Friends,Colleagues;;;;;;;Western Europeans;;;;;
ğŸ½ï¸;food;4bf58dd8d48988d1c2941735;Western European Cuisine;Eating out;Family,Friends,Colleagues;;;;;;;;;;High;;
ğŸ½ï¸;food;52e81612bcbc57f1066b79f8;Middle Eastern Cuisine;Eating out;Family,Friends,Colleagues;;;;;;;Arabs & Middle Easterners;;;;;
â˜•;coffee;56aa371be4b08b9a8d573508;YES;Eating out;Family,Friends,Colleagues;;;;;;;;;;;;
ğŸ•;food;4bf58dd8d48988d1ca941735;Italian Cuisine;Eating out;Family,Friends,Colleagues;;;;;;;;;;;;
ğŸ½ï¸;food;52e81612bcbc57f1066b7a04;Eastern European Cuisine;Eating out;Family,Friends,Colleagues;;;;;;;Eastern Europeans;;;;;
ğŸ½ï¸;food;4def73e84765ae376e57713a;Western European Cuisine;Eating out;Family,Friends,Colleagues;;;;;;;Western Europeans;;;;;
ğŸ½ï¸;food;56aa371be4b08b9a8d5734c7;North American Cuisine;Eating out;Family,Friends,Colleagues;;;;;;;North Americans;;;;;
ğŸ½ï¸;food;4bf58dd8d48988d1c4941735;YES;Eating out;Family,Friends,Colleagues;;;;;;;;;;;;
ğŸ½ï¸;food;5293a7563cf9994f4e043a44;Eastern European Cuisine;Eating out;Family,Friends,Colleagues;;;;;;;Eastern Europeans;;;;;
ğŸ½ï¸;food;52e928d0bcbc57f1066b7e9d;Eastern European Cuisine;Eating out;Family,Friends,Colleagues;;;;;;;Eastern Europeans;;;;;
ğŸ½ï¸;food;52e928d0bcbc57f1066b7e9c;Eastern European Cuisine;Eating out;Family,Friends,Colleagues;;;;;;;Eastern Europeans;;;;;
ğŸ¥—;food;4bf58dd8d48988d1bd941735;YES;Eating out;Family,Friends,Colleagues;;;;;;;;;;;;
ğŸ”;food;4bf58dd8d48988d1c5941735;YES;Eating out;Family,Friends,Colleagues;;;;;Vegetarian;;;;;;;
ğŸ½ï¸;food;4bf58dd8d48988d1c6941735;Western European Cuisine;Eating out;Family,Friends,Colleagues;;;;;;;Western Europeans;;;;;
ğŸ½ï¸;food;5744ccdde4b0c0459246b4a3;Western European Cuisine;Eating out;Family,Friends,Colleagues;;;;;;;Western Europeans;;;;;
ğŸ¦€;food;4bf58dd8d48988d1ce941735;YES;Eating out;Family,Friends,Colleagues;;;;;;;;;;High;;
ğŸ½ï¸;food;56aa371be4b08b9a8d57355a;Eastern European Cuisine;Eating out;Family,Friends,Colleagues;;;;;;;Eastern Europeans;;;;;
ğŸ¥œ;food;4bf58dd8d48988d1c7941735;YES;Eating out;Family,Friends,Colleagues;;;;;;;;;;;;
ğŸ²;food;4bf58dd8d48988d1dd931735;YES;Eating out;Family,Friends,Colleagues;;;;;;;;;;;;
ğŸ½ï¸;food;4bf58dd8d48988d14f941735;North American Cuisine;Eating out;Family,Friends,Colleagues;;;;;;;Western Europeans;;;;;
ğŸ½ï¸;food;4bf58dd8d48988d150941735;Mediterranean Cuisine,Spanish Cuisine;Eating out;Family,Friends,Colleagues;;;;;;;Western Europeans;;;;;
ğŸ¥˜;food;4bf58dd8d48988d14d941735;Mediterranean Cuisine,Spanish Cuisine;Eating out;Family,Friends,Colleagues;;;;;;;Western Europeans;;;;;
ğŸ½ï¸;food;4bf58dd8d48988d1db931735;Mediterranean Cuisine,Spanish Cuisine;Eating out;Family,Friends,Colleagues;;;;;;;Western Europeans;;;;;
ğŸ½ï¸;food;5413605de4b0ae91d18581a9;South Asian Cuisine;Eating out;Family,Friends,Colleagues;;;;;;;South Asians & Diaspora;;;;;
ğŸ”ª;food;4bf58dd8d48988d1cc941735;North American Cuisine;Eating out;Family,Friends,Colleagues;;;;;;;;;;;;
ğŸ§€;food;4bf58dd8d48988d158941735;Western European Cuisine;Eating out;Family,Friends,Colleagues;;;;;;;Western Europeans;;;;;
ğŸµ;coffee;4bf58dd8d48988d1dc931735;YES;Eating out;Family,Friends,Colleagues;;;;;;;;;;;;
ğŸ½ï¸;food;56aa371be4b08b9a8d573538;YES;Eating out;Family,Friends,Colleagues;;;;;;;;;;;;
ğŸ½ï¸;food;57558b36e4b065ecebd306dd;YES;Eating out;Family,Friends,Colleagues;;;;;;;;;;;;
ğŸ½ï¸;food;4f04af1f2fb6e1c99f3db0bb;Middle Eastern Cuisine;Eating out;Family,Friends,Colleagues;;;;;;;Arabs & Middle Easterners;;;;;
ğŸ½ï¸;food;530faca9bcbc57f1066bc2f3;Middle Eastern Cuisine;Eating out;Family,Friends,Colleagues;;;;;;;Arabs & Middle Easterners;;;;;
ğŸ½ï¸;food;530faca9bcbc57f1066bc2f4;Middle Eastern Cuisine;Eating out;Family,Friends,Colleagues;;;;;;;Arabs & Middle Easterners;;;;;
ğŸŒ¯;food;5283c7b4e4b094cb91ec88d8;Middle Eastern Cuisine;Eating out;Family,Friends,Colleagues;;;;;;;Arabs & Middle Easterners;;;;;
ğŸ½ï¸;food;5283c7b4e4b094cb91ec88d9;Middle Eastern Cuisine;Eating out;Family,Friends,Colleagues;;;;;;;Arabs & Middle Easterners;;;;;
ğŸ½ï¸;food;5283c7b4e4b094cb91ec88db;Middle Eastern Cuisine;Eating out;Family,Friends,Colleagues;;;;;;;Arabs & Middle Easterners;;;;;
ğŸ½ï¸;food;5283c7b4e4b094cb91ec88d6;Middle Eastern Cuisine;Eating out;Family,Friends,Colleagues;;;;;;;Arabs & Middle Easterners;;;;;
ğŸ½ï¸;food;56aa371be4b08b9a8d573535;Middle Eastern Cuisine;Eating out;Family,Friends,Colleagues;;;;;;;Arabs & Middle Easterners;;;;;
ğŸ½ï¸;food;56aa371be4b08b9a8d5734bd;Middle Eastern Cuisine;Eating out;Family,Friends,Colleagues;;;;;;;Arabs & Middle Easterners;;;;;
ğŸ½ï¸;food;5283c7b4e4b094cb91ec88d5;Middle Eastern Cuisine;Eating out;Family,Friends,Colleagues;;;;;;;Arabs & Middle Easterners;;;;;
ğŸ½ï¸;food;5283c7b4e4b094cb91ec88da;Middle Eastern Cuisine;Eating out;Family,Friends,Colleagues;;;;;;;Arabs & Middle Easterners;;;;;
ğŸ½ï¸;food;530faca9bcbc57f1066bc2f2;Middle Eastern Cuisine;Eating out;Family,Friends,Colleagues;;;;;;;Arabs & Middle Easterners;;;;;
ğŸ½ï¸;food;58daa1558bbb0b01f18ec1df;Middle Eastern Cuisine;Eating out;Family,Friends,Colleagues;;;;;;;Arabs & Middle Easterners;;;;;
ğŸ½ï¸;food;58daa1558bbb0b01f18ec1dc;Middle Eastern Cuisine;Eating out;Family,Friends,Colleagues;;;;;;;Arabs & Middle Easterners;;;;;
ğŸ½ï¸;food;56aa371be4b08b9a8d5734bf;Middle Eastern Cuisine;Eating out;Family,Friends,Colleagues;;;;;;;Arabs & Middle Easterners;;;;;
ğŸ½ï¸;food;56aa371be4b08b9a8d5734c1;Middle Eastern Cuisine;Eating out;Family,Friends,Colleagues;;;;;;;Arabs & Middle Easterners;;;;;
ğŸ½ï¸;food;5283c7b4e4b094cb91ec88d4;Middle Eastern Cuisine;Eating out;Family,Friends,Colleagues;;;;;;;Arabs & Middle Easterners;;;;;
ğŸ½ï¸;food;58daa1558bbb0b01f18ec1e2;Middle Eastern Cuisine;Eating out;Family,Friends,Colleagues;;;;;;;Arabs & Middle Easterners;;;;;
ğŸ½ï¸;food;52e928d0bcbc57f1066b7e96;Eastern European Cuisine;Eating out;Family,Friends,Colleagues;;;;;;;Arabs & Middle Easterners;;;;;
ğŸ½ï¸;food;52e928d0bcbc57f1066b7e9a;Eastern European Cuisine;Eating out;Family,Friends,Colleagues;;;;;;;Arabs & Middle Easterners;;;;;
ğŸ½ï¸;food;52e928d0bcbc57f1066b7e9b;Eastern European Cuisine;Eating out;Family,Friends,Colleagues;;;;;;;Arabs & Middle Easterners;;;;;
ğŸ¥—;food;4bf58dd8d48988d1d3941735;YES;Eating out;Family,Friends,Colleagues;;Islam;;;Vegetarian;;;;;;;
ğŸ—;food;4bf58dd8d48988d14c941735;North American Cuisine;Eating out;Family,Friends,Colleagues;;;;;;;;;;;;
ğŸ¸;beer;4bf58dd8d48988d116941735;Liquor,Wine,Beer,Cocktails;Having a drink;Friends;;;;;;;;;;;;
ğŸ¸;beer;52e81612bcbc57f1066b7a0d;Liquor,Beer,Cocktails;Having a drink,Tourism;Friends;;;;;;;;;;;;
ğŸº;beer;56aa371ce4b08b9a8d57356c;Beer;Having a drink;Friends;;;;;;;;;;;;
ğŸº;beer;4bf58dd8d48988d117941735;Beer;Having a drink;Friends;;;;;;;;;;;;
ğŸ¾;beer;52e81612bcbc57f1066b7a0e;Wine,Cocktails;Having a drink;Friends;;;;;;;;;;High;;
ğŸ¸;beer;4bf58dd8d48988d11e941735;Wine,Cocktails;Having a drink;Friends;;;;;;;;;;High;;
ğŸ¸;beer;4bf58dd8d48988d118941735;Liquor,Wine,Beer,Cocktails;Having a drink;Friends;;;;;;;;;;;;
ğŸ¸;beer;4bf58dd8d48988d1d8941735;Liquor,Wine,Beer,Cocktails;Having a drink;Friends;;;;;;;;Gay;;;;
ğŸ¹;beer;4bf58dd8d48988d119941735;Liquor,Wine,Beer,Cocktails;Having a drink;Friends;;;;;;;;;;;;
ğŸ¸;beer;4bf58dd8d48988d1d5941735;Liquor,Wine,Beer,Cocktails;Having a drink;Friends;;;;;;;;;;High;;
ğŸ¤;beer;4bf58dd8d48988d120941735;Liquor,Wine,Beer,Cocktails;Having a drink;Friends;;;;;;;;;;;;
ğŸº;beer;4bf58dd8d48988d11b941735;Liquor,Wine,Beer,Cocktails;Eating out,Having a drink;Friends;;;;;;;;;;;;
ğŸ¶;beer;4bf58dd8d48988d11c941735;Liquor,Wine,Beer,Cocktails;Having a drink;Friends;;;;;;;;;;;;
ğŸ¥ƒ;beer;4bf58dd8d48988d1d4941735;Liquor,Wine,Beer,Cocktails;Having a drink;Friends;;;;;;;;;;High;;
ğŸº;beer;4bf58dd8d48988d11d941735;Liquor,Wine,Beer,Cocktails;Having a drink;Friends;;;;;;;;;;;;
ğŸ¥ƒ;beer;56aa371be4b08b9a8d57354d;Liquor,Wine,Beer,Cocktails;Having a drink;Friends;;;;;;;;;;;;
ğŸ¥ƒ;beer;4bf58dd8d48988d122941735;Liquor,Wine,Beer,Cocktails;Having a drink;Friends;;;;;;;;;;High;;
ğŸ·;beer;4bf58dd8d48988d123941735;Wine;Having a drink;Friends;;;;;;;;;;High;;
ğŸº;beer;50327c8591d4c4b30a586d5d;Beer;Having a drink;Friends;;;;;;;;;;;;
ğŸ¸;beer;4bf58dd8d48988d121941735;Liquor,Wine,Beer,Cocktails;Having a drink;Friends;;;;;;;;;;;;
ğŸ¸;beer;53e510b7498ebcb1801b55d4;YES;Having a drink;Friends;;;;;;;;;;;;
ğŸ¸;beer;4bf58dd8d48988d11f941735;YES;Having a drink;Friends;;;;;;;;;;;;
ğŸ¸;beer;4bf58dd8d48988d11a941735;YES;Having a drink;Friends;;;;;;;;;;;;
ğŸ¸;beer;4bf58dd8d48988d1d6941735;YES;Having a drink,Entertainment;Friends;;;;;;;;;;;;
ğŸŸï¸;futbol;4f4528bc4b90abdf24c9de85;YES;Sports,Entertainment;Friends;;;;;;;;;;;;
ğŸ¸;futbol;52e81612bcbc57f1066b7a2b;YES;Sports,Entertainment;Friends;Sports;;;;;;;;;;;
âš¾ï¸;futbol;4bf58dd8d48988d1e8941735;YES;Sports,Entertainment;Friends;Sports;;;;;;;;;;;
ğŸ€;futbol;4bf58dd8d48988d1e1941735;YES;Sports,Entertainment;Friends;Sports;;;;;;;;;;;
ğŸ³;futbol;52e81612bcbc57f1066b7a2f;YES;Sports,Entertainment;Friends;Sports;;;;;;;;;;;
ğŸŸï¸;futbol;56aa371be4b08b9a8d57351a;YES;Sports,Entertainment;Friends;Sports;;;;;;;;;;;
â›³;futbol;4bf58dd8d48988d1e6941735;YES;Sports,Entertainment;Friends;Sports;;;;;;;;;High;;
â›³;futbol;58daa1558bbb0b01f18ec1b0;YES;Sports,Entertainment;Friends;Sports;;;;;;;;;High;;
ğŸ’ª;futbol;4bf58dd8d48988d175941735;YES;Sports,Entertainment;Friends;Sports;;;;;;;;;;;
ğŸ¥Š;futbol;52f2ab2ebcbc57f1066b8b47;YES;Sports,Entertainment;Friends;Sports;;;;;;;;;;;
â›°ï¸;futbol;503289d391d4c4b30a586d6a;YES;Sports,Entertainment;Friends;Sports;;;;;;;;;;;
ğŸš²;futbol;52f2ab2ebcbc57f1066b8b49;YES;Sports,Entertainment;Friends;Sports;;;;;;;;;;;
ğŸŠ;futbol;4bf58dd8d48988d105941735;YES;Sports,Entertainment;Friends;Swimming;;;;;;;;;;;
ğŸ’ª;futbol;52f2ab2ebcbc57f1066b8b48;YES;Sports,Entertainment;Friends;;;;;;;;;;;;
ğŸ’ª;futbol;4bf58dd8d48988d176941735;YES;Sports,Entertainment;Friends;;;;;;;;;;;;
ğŸ¥‹;futbol;4bf58dd8d48988d101941735;YES;Sports,Entertainment;Friends;Martial arts;;;;;;;;;;;
ğŸ’ª;futbol;58daa1558bbb0b01f18ec203;YES;Sports,Entertainment;Friends;;;;;;;;;;;;
ğŸ¥‹;futbol;5744ccdfe4b0c0459246b4b2;YES;Sports,Entertainment;Friends;;;;;;;;;;;;
ğŸƒ;futbol;4bf58dd8d48988d106941735;YES;Sports,Entertainment;Friends;;;;;;;;;;;;
ğŸ’ª;futbol;590a0744340a5803fd8508c3;YES;Sports,Entertainment;Friends;;;;;;;;;;;;
ğŸ¥‹;futbol;4bf58dd8d48988d102941735;YES;Sports,Entertainment;Friends;Yoga;;;;;;;;;;;
ğŸ’;futbol;4f452cd44b9081a197eba860;YES;Sports,Entertainment;Friends;Sports;;;;;;;;;;;
ğŸ’;futbol;56aa371be4b08b9a8d57352c;YES;Sports,Entertainment;Friends;Sports;;;;;;;;;;;
ğŸ”«;futbol;5032829591d4c4b30a586d5e;YES;Sports,Entertainment;Friends;Sports;;;;;;;;;;;
ğŸ‰;futbol;52e81612bcbc57f1066b7a2c;YES;Sports,Entertainment;Friends;Sports;;;;;;;;;;;
â›¸ï¸;futbol;4bf58dd8d48988d167941735;YES;Sports,Entertainment;Friends;Sports;;;;;;;;;;;
â›¸ï¸;futbol;4bf58dd8d48988d168941735;YES;Sports,Entertainment;Friends;Sports;;;;;;;;;;;
âš½;futbol;4cce455aebf7b749d5e191f5;YES;Sports,Entertainment;Friends;Sports;;;;;;;;;;;
ğŸŸï¸;futbol;52e81612bcbc57f1066b7a2e;YES;Sports,Entertainment;Friends;Sports;;;;;;;;;;;
ğŸ¸;futbol;52e81612bcbc57f1066b7a2d;YES;Sports,Entertainment;Friends;Sports;;;;;;;;;;;
ğŸ¾;futbol;4e39a956bd410d7aed40cbc3;YES;Sports,Entertainment;Friends;Sports;;;;;;;;;;;
ğŸ;futbol;4eb1bf013b7b6f98df247e07;YES;Sports,Entertainment;Friends;Sports;;;;;;;;;;;
â›±ï¸;mountain;52e81612bcbc57f1066b7a28;YES;Sports,Entertainment;Friends;;;;;;;;;;;;
â›±ï¸;mountain;56aa371be4b08b9a8d573544;YES;Sports,Entertainment;Friends;;;;;;;;;;;;
â›±ï¸;mountain;4bf58dd8d48988d1e2941735;YES;Sports,Entertainment;Family,Friends;;;;;;;;;;;;
â›±ï¸;mountain;52e81612bcbc57f1066b7a30;YES;Entertainment,Tourism;Family,Friends;;;;;;;;;;;;
ğŸ„;mountain;4bf58dd8d48988d1e3941735;YES;Sports,Tourism;Friends;;;;;;;;;;;;
ğŸšµ;mountain;56aa371be4b08b9a8d57355e;YES;Sports,Entertainment;Friends;;;;;;;;;;;;
ğŸ‘¨â€ğŸŒ¾ï¸;mountain;52e81612bcbc57f1066b7a22;YES;Tourism;;;;;;;;;;;;;
ğŸŒ;mountain;4bf58dd8d48988d1df941735;YES;;;;;;;;;;;;;;
ğŸ•ï¸;mountain;4bf58dd8d48988d1e4941735;YES;Tourism;Family,Friends;;;;;;;;;;Low;;
ğŸš£;mountain;56aa371be4b08b9a8d57353b;;;;;;;;;;;;;;;
ğŸš£;mountain;56aa371be4b08b9a8d573562;YES;Tourism;;;;;;;;;;;;;
ğŸ°;mountain;50aaa49e4b90af0d42d5de11;YES;Tourism;;;;;;;;;;;;;
ğŸº;mountain;56aa371be4b08b9a8d573511;YES;Tourism;;;;;;;;;;;;;
ğŸŒ²;mountain;4bf58dd8d48988d15c941735;YES;Tourism;;;;;;;;;;;;;
ğŸ ;mountain;52e81612bcbc57f1066b7a12;YES;Sports,Entertainment,Tourism;Family,Friends;Diving;;;;;;;;;;;
ğŸ•;mountain;4bf58dd8d48988d1e5941735;YES;;Family,Friends;;;;Horse & Dog Racing;;;;;;;;
ğŸšœ;mountain;4bf58dd8d48988d15b941735;YES;Tourism;;;;;;;;;;;;;
ğŸŒ¾;mountain;4bf58dd8d48988d15f941735;YES;;;;;;;;;;;;;;
ğŸ£;mountain;52e81612bcbc57f1066b7a0f;YES;Sports,Entertainment;;Fishing;;;;;;;;;;;
ğŸŒ²;mountain;52e81612bcbc57f1066b7a23;YES;Sports,Tourism;;;;;;;;;;;;;
â›²;mountain;56aa371be4b08b9a8d573547;YES;;;;;;;;;;;;;;
ğŸŒ»;mountain;4bf58dd8d48988d15a941735;YES;Tourism;;;;;;;;;;;;;
ğŸ”«;mountain;52e81612bcbc57f1066b7a11;YES;Entertainment,Sports;;;;;;;;;;;;;
ğŸš£;mountain;4bf58dd8d48988d1e0941735;YES;Tourism,Sports;;;;;;;Boats & Watercraft;;;;;;
â™¨ï¸;mountain;4bf58dd8d48988d160941735;YES;Tourism;;;;;;;;;;;;;
ğŸ•¹ï¸;mountain;5744ccdfe4b0c0459246b4b5;YES;Entertainment;Family,Friends;;;;;;;;;;;Children;
ğŸï¸;mountain;50aaa4314b90af0d42d5de10;YES;Tourism;;;;;;;;;;;;;
ğŸ›¶;mountain;4bf58dd8d48988d161941735;YES;Tourism;;;;;;;;;;;;;
ğŸ•¯;mountain;4bf58dd8d48988d15d941735;YES;Tourism;;;;;;;;;;;;;
â›°ï¸;mountain;55a5a1ebe4b013909087cb77;YES;Tourism,Sports;;;;;;;;;;;;;
â›°ï¸;mountain;4eb1d4d54b900d56c88a45fc;YES;Tourism,Sports;;;;;;;;;;;;;
ğŸï¸;mountain;52e81612bcbc57f1066b7a21;YES;Tourism,Sports;;;;;;;;;;;;;
ğŸï¸;mountain;52e81612bcbc57f1066b7a13;YES;Tourism,Sports;;;;;;;;;;;;;
ğŸï¸;mountain;4bf58dd8d48988d162941735;YES;Tourism,Sports;;;;;;;;;;;;;
ğŸ°;mountain;52e81612bcbc57f1066b7a14;YES;Tourism;;;;;;;;;;;;;
ğŸï¸;mountain;4bf58dd8d48988d163941735;YES;Tourism;;;;;;;;;;;;;
ğŸ›ï¸;building;4bf58dd8d48988d1fa931735;YES;Tourism,Accomodation;;;;;;;;;;;High;;
â›²;mountain;52e81612bcbc57f1066b7a25;YES;Tourism;Family,Friends;;;;;;;;;;;;
ğŸŒ³;mountain;4bf58dd8d48988d1e7941735;YES;;;;;;;;;;;;;Children;
â›²;mountain;4bf58dd8d48988d164941735;YES;Tourism;;;;;;;;;;;;;
ğŸŠ;mountain;4bf58dd8d48988d15e941735;YES;Entertainment,Sports;Family,Friends;;;;;;;;;;;;
â›µ;mountain;52e81612bcbc57f1066b7a29;YES;Entertainment,Sports;Family,Friends;;;;;;;;;;;;
ğŸ•¹ï¸;mountain;52e81612bcbc57f1066b7a26;YES;Entertainment;Family,Friends;;;;;;;;;;;Children;
ğŸ’§;mountain;56aa371be4b08b9a8d573541;YES;;Family,Friends;;;;;;;;;;;;
ğŸ›¶;mountain;4eb1d4dd4b900d56c88a45fd;YES;Tourism;;;;;;;;;;;;;
â›°ï¸;mountain;50328a4b91d4c4b30a586d6b;YES;Entertainment,Sports;Family,Friends;Rock Climbing;;;;;;;;;;;
ğŸ‘ï¸â€ğŸ—¨ï¸;mountain;4bf58dd8d48988d165941735;YES;Tourism;;;;;;;;;;;;;
ğŸŒ³;mountain;4bf58dd8d48988d166941735;YES;Tourism;;;;;;;;;;;;;
â›·;mountain;4bf58dd8d48988d1e9941735;YES;Tourism,Entertainment,Sports;Family,Friends;Skiing;;;;;;;;;High;;
ğŸ·;mountain;4bf58dd8d48988d1ea941735;YES;Having a drink,Eating out;Family,Friends;;;;;;;;;;High;;
ğŸš ;mountain;4eb1c0ed3b7b52c0e1adc2ea;YES;Entertainment,Sports;Family,Friends;Skiing;;;;;;;;;High;;
ğŸ ;mountain;4bf58dd8d48988d1ec941735;YES;Tourism;Family,Friends;;;;;;;;;;High;;
ğŸ ;mountain;4bf58dd8d48988d1eb941735;YES;Tourism;Family,Friends;;;;;;;;;;High;;
â›·;mountain;4eb1c0f63b7b52c0e1adc2eb;YES;Entertainment,Sports;Family,Friends;Skiing;;;;;;;;;High;;
âœˆï¸;mountain;58daa1558bbb0b01f18ec1b9;YES;Entertainment,Sports;Family,Friends;Skydiving;;;;;;;;;High;;
ğŸ´;mountain;4eb1baf03b7b2c5b1d4306ca;YES;Entertainment,Sports;Family,Friends;Horseback Riding;;;;;;;;;High;;
ğŸ´;mountain;530e33ccbcbc57f1066bbfe4;YES;Entertainment,Sports;Family,Friends;Horseback Riding;;;;;;;;;High;;
ğŸ›ï¸;university;50aa9e094b90af0d42d5de0d;;;;;;;;;;;;;;;
ğŸ›ï¸;university;5345731ebcbc57f1066c39b2;;;;;;;;;;;;;;;
ğŸ›ï¸;university;530e33ccbcbc57f1066bbff7;;;;;;;;;;;;;;;
ğŸ›ï¸;university;4f2a25ac4b909258e854f55f;;;;;;;;;;;;;;;
ğŸ›ï¸;university;530e33ccbcbc57f1066bbff8;;;;;;;;;;;;;;;
ğŸ›ï¸;university;530e33ccbcbc57f1066bbff3;;;;;;;;;;;;;;;
ğŸ˜ï¸;university;530e33ccbcbc57f1066bbff9;;;;;;;;;;;;;;;
â›º;mountain;52e81612bcbc57f1066b7a10;;;;;;;;;;;;;;Children;
ğŸšµ;mountain;4bf58dd8d48988d159941735;YES;Entertainment,Sports;Family,Friends;;;;;;;;;;;;
ğŸŒ²;mountain;52e81612bcbc57f1066b7a24;YES;;;;;;;;;;;;;;
ğŸ‡;mountain;4bf58dd8d48988d1de941735;YES;Tourism;;;;;;;;;;;;;
ğŸŒ‹;mountain;5032848691d4c4b30a586d61;YES;Tourism;;;;;;;;;;;;;
ğŸš¿;mountain;56aa371be4b08b9a8d573560;YES;Tourism;;;;;;;;;;;;;
âš“;mountain;56aa371be4b08b9a8d5734c3;YES;Tourism;;;;;;;;;;;;;
â›²;mountain;4fbc1be21983fc883593e321;YES;;;;;;;;;;;;;;
ğŸ±;paw;4e52d2d203646f7c19daa8ae;YES;Entertainment;Family,Friends;;;;;;Pets;;;;;;
ğŸ¨;masks;58daa1558bbb0b01f18ec1d6;YES;Entertainment;Family,Friends;;;;;;;;;;;;
ğŸŸï¸;masks;4bf58dd8d48988d173941735;YES;Entertainment;Family,Friends;;;;;;;;;;;;
ğŸ’ƒ;masks;56aa371be4b08b9a8d5734cf;YES;Entertainment;Family,Friends;Dance;;;;;;;;;;;
ğŸ¢;building;4bf58dd8d48988d130941735;YES;;;;;;;;;;;;;;
ğŸ’»;building;56aa371be4b08b9a8d573517;YES;;;;;;;;;;;;;;
ğŸ¥ƒ;masks;52e81612bcbc57f1066b7a35;YES;;Colleagues;;;;;;;;;;;;
ğŸ’»;building;52e81612bcbc57f1066b7a34;YES;;Colleagues;;;;;;;;;;;;
ğŸ’»;building;4bf58dd8d48988d1ff931735;YES;;Colleagues;;;;;;;;;;;;
ğŸ’»;building;4bf58dd8d48988d100941735;YES;;Colleagues;;;;;;;;;;;;
ğŸ–¼ï¸;masks;52e81612bcbc57f1066b7a32;YES;Entertainment;;;;;;;;;;;;;
ğŸ¥ƒ;shop;4e0e22f5a56208c4ea9a85a0;YES;Tourism;;;;;;;;;;;;;
ğŸ­;building;52e81612bcbc57f1066b7a37;YES;;;;;;;;;;;;;;
ğŸ’»;building;4bf58dd8d48988d171941735;YES;;;;;;;;;;;;;;
ğŸŒ³;mountain;56aa371be4b08b9a8d57356a;YES;;;;;;;;;;;;;;
ğŸ­;building;4eb1bea83b7b6f98df247e06;YES;;;;;;;;;;;;;;
ğŸŒ³;shop;4eb1daf44b900d56c88a4600;YES;Entertainment;;;;;;;;;;;;;
âš±;building;4f4534884b9074f6e4fb0174;YES;;;;;;;;;;;;;;
ğŸ›ï¸;building;4bf58dd8d48988d126941735;YES;;;;;Campaigns & Elections;;;;;;;;;
ğŸ›ï¸;building;4bf58dd8d48988d12a941735;YES;;;;;;;;;;;;;;
ğŸ›ï¸;building;4bf58dd8d48988d129941735;YES;;;;;Campaigns & Elections;;;;;;;;;
ğŸ›ï¸;building;4bf58dd8d48988d12b941735;YES;;;;;;;;;;;;;;
ğŸ›ï¸;building;4bf58dd8d48988d12c951735;YES;;;;;Campaigns & Elections;;;;;;;;;
ğŸš’;building;4bf58dd8d48988d12c941735;YES;;;;;;;;;;;;;;
ğŸ¤³;building;4bf58dd8d48988d12d941735;YES;Tourism;;;;;;;;;;;;;
ğŸ‘®;building;4bf58dd8d48988d12e941735;YES;;;;;;;;;;;;;;
ğŸ›ï¸;building;52e81612bcbc57f1066b7a38;YES;;;;;Campaigns & Elections;;;;;;;;;
ğŸ­;building;56aa371be4b08b9a8d5734d7;YES;;;;;;;;;;;;;;
ğŸ”¬;flask;5744ccdfe4b0c0459246b4d6;YES;;;;;;;;;;;;;;
ğŸ“š;book-closed;4bf58dd8d48988d12f941735;YES;Education;Friends,Colleagues;;;;;;;;;;;;
ğŸ¥;stethoscope;4bf58dd8d48988d104941735;YES;;;;;;;Injury,Infectious Diseases,Cold & Flu;;;;;;;
ğŸ¥;stethoscope;52e81612bcbc57f1066b7a3b;YES;;;;;;;Alternative Medecines;;;;;;;
ğŸ¥;stethoscope;52e81612bcbc57f1066b7a3c;YES;;;;;;;Alternative Medecines;;;;;;;
ğŸ¥;stethoscope;52e81612bcbc57f1066b7a3a;YES;;;;;;;Alternative Medecines;;;;;;;
ğŸ˜·;stethoscope;4bf58dd8d48988d178941735;YES;;;;;;;Oral & Dental Care;;;;;;;
ğŸ¥;stethoscope;4bf58dd8d48988d177941735;YES;;;;;;;Injury,Infectious Diseases,Cold & Flu;;;;;;;
ğŸš¨;stethoscope;4bf58dd8d48988d194941735;YES;;;;;;;Injury,Infectious Diseases,Cold & Flu;;;;;;;
ğŸ¥;stethoscope;522e32fae4b09b556e370f19;YES;;;;;;;Vision Care;;;;;;;
ğŸ¥;stethoscope;4bf58dd8d48988d196941735;YES;;;;;;;Surgery,Injury,Cancer;;;;;;;
ğŸ¥;stethoscope;58daa1558bbb0b01f18ec1f7;YES;;;;;;;Surgery;;;;;;;
ğŸ¥;stethoscope;56aa371be4b08b9a8d5734ff;YES;;;;;;;Pregnancy & Maternity;;;;;;;
ğŸ”¬;flask;4f4531b14b9074f6e4fb0103;YES;;;;;;;Medical Tests & Exams;;;;;;;
ğŸ¥;stethoscope;52e81612bcbc57f1066b7a39;YES;;;;;;;Mental Health,Neurological Disorders;;;;;;;
ğŸ¥—;stethoscope;58daa1558bbb0b01f18ec1d0;YES;;;;;;;Eating Disorders;;;;;;;
ğŸ¥;stethoscope;5744ccdfe4b0c0459246b4af;YES;;;;;;;Physical Therapy;;;;;;;
ğŸ¥;stethoscope;56aa371be4b08b9a8d57351d;YES;;;;;;Drugs;Addictions;;;;;;;
ğŸ¥;stethoscope;56aa371be4b08b9a8d573526;YES;;;;;;;Injury,Infectious Diseases;;;;;;;
ğŸ±;paw;4d954af4a243a5684765b473;YES;;;;;;;;Pets;;;;;;
ğŸ–ï¸;building;4e52adeebd41615f56317744;YES;;;;;;;;;;;;;;
ğŸ›ï¸;building;50328a8e91d4c4b30a586d6c;YES;;;;;Left-Wing Politics,Right-Wing Politics;;;;;;;;;
ğŸ”­;building;5744ccdfe4b0c0459246b4d9;YES;;;;;;;;;;;;;;
ğŸ¢;building;4bf58dd8d48988d124941735;YES;;;;;;;;;;;;;;
ğŸ“Š;building;52e81612bcbc57f1066b7a3d;YES;;;;;;;;;;;;;;
ğŸ“Š;building;5032764e91d4c4b30a586d5a;YES;;;;;;;;;;;;;;
ğŸ“ˆ;building;4bf58dd8d48988d127941735;YES;;;;;;;;;;;;;;
ğŸ“Š;building;5665ef1d498ec706735f0e59;YES;;;;;;;;;;;;;;
ğŸ½ï¸;building;54f4ba06498e2cf5561da814;YES;;;;;;;;;;;;;;
â˜•;building;5665c7b9498e7d8a4f2c0f06;YES;Eating out;Colleagues;;;;;;;;;;;;
ğŸ’»;building;4bf58dd8d48988d174941735;YES;;;;;;;;;;;;;;
ğŸ’»;building;4bf58dd8d48988d125941735;YES;;;;;;;;;;;;;;
ğŸ…¿ï¸;car;4c38df4de52ce0d596b336e1;;;;;;;;;;;;;;;
ğŸ“¦;building;4bf58dd8d48988d172941735;YES;;;;;;;;;;;;;;
ğŸ­;building;58daa1548bbb0b01f18ec1a9;YES;;;;;;;;;;;;;;
ğŸ‘®;building;5310b8e5bcbc57f1066bcbf1;YES;;;;;;;;;;;;;;
ğŸ“»;building;5032856091d4c4b30a586d63;YES;;;;;;;;;;;;;;
ğŸ¢;building;52f2ab2ebcbc57f1066b8b57;YES;;;;;;;;;;;;;;
ğŸ¢;building;58daa1558bbb0b01f18ec1b2;YES;;;;;;;;;;;;;;
ğŸ“;university;4bf58dd8d48988d13b941735;YES;Education;Colleagues,Friends;;;;;;;;;;;;
ğŸ“;university;56aa371ce4b08b9a8d573570;YES;Education;Colleagues,Friends;;;;;;;;;;;;
ğŸ“;university;52e81612bcbc57f1066b7a43;YES;Education;Colleagues,Friends;Circus;;;;;;;;;;;
ğŸ“;university;58daa1558bbb0b01f18ec200;YES;Education;Colleagues,Friends;Cook;;;;;;;;;;;
ğŸ“;university;52e81612bcbc57f1066b7a42;YES;Education;Colleagues,Friends;;;;;;;;;;;;
ğŸ“;university;4f4533804b9074f6e4fb0105;YES;Education;Colleagues,Friends;;;;;;;;;;;;
ğŸ“;university;52e81612bcbc57f1066b7a49;YES;Education;Colleagues,Friends;;;;;;;;;;;;
ğŸ“;university;4bf58dd8d48988d13d941735;YES;Education;Colleagues,Friends;;;;;;;;;;;;
ğŸ“;university;52e81612bcbc57f1066b7a48;YES;Education;Colleagues,Friends;;;;;;;;;;;;
ğŸ“;university;4f4533814b9074f6e4fb0106;YES;Education;Colleagues,Friends;;;;;;;;;;;;
ğŸ“;university;4f04b10d2fb6e1c99f3db0be;YES;Education;Colleagues,Friends;;;;;;;;;;;;
ğŸ“;university;4f4533814b9074f6e4fb0107;YES;Education;Colleagues,Friends;;;;;;;;;;;;
ğŸ“;university;52e81612bcbc57f1066b7a45;YES;Education;Colleagues,Friends;;;;;;;;;;;;
ğŸ“;university;52e81612bcbc57f1066b7a46;YES;Education;Colleagues,Friends;;;;;;;;;;;;
ğŸ“;university;52e81612bcbc57f1066b7a47;YES;Education;Colleagues,Friends;;Religious Observance;;;;;;;;;;
ğŸ“;university;52e81612bcbc57f1066b7a44;YES;Education;Colleagues,Friends;Swimming;;;;;;;;;;;
ğŸ‘¥;building;52e81612bcbc57f1066b7a33;YES;;Colleagues,Friends;;;;;;;;;;;;
ğŸ™;book;4bf58dd8d48988d131941735;YES;Tourism;Friends,Family;;Religious Observance;;;;;;;;;;
ğŸ™;book;52e81612bcbc57f1066b7a3e;YES;;Friends,Family;;Buddhism;;;;;;;;;;
ğŸ™;book;58daa1558bbb0b01f18ec1eb;YES;;Friends,Family;;Cemevi;;;;;;;;;;
â›ª;book;4bf58dd8d48988d132941735;YES;;Friends,Family;;Christianity;;;;;;;;;;
ğŸ™;book;56aa371be4b08b9a8d5734fc;YES;;Friends,Family;;Conficianism;;;;;;;;;;
ğŸ™;book;52e81612bcbc57f1066b7a3f;YES;;Friends,Family;;Hinduism;;;;;;;;;;
ğŸ™;book;5744ccdfe4b0c0459246b4ac;YES;;Friends,Family;;Jehovah's Witness;;;;;;;;;;
ğŸ™;book;52e81612bcbc57f1066b7a40;YES;Tourism;Friends,Family;;;;;;;;;;;;
ğŸ•Œ;book;4bf58dd8d48988d138941735;YES;;Friends,Family;;Islam;;;;;;;;;;
ğŸ™;book;52e81612bcbc57f1066b7a41;YES;;Friends,Family;;Religious Observance;;;;;;;;;;
ğŸ™;book;4eb1d80a4b900d56c88a45ff;YES;;Friends,Family;;Religious Observance;;;;;;;;;;
ğŸ•;book;4bf58dd8d48988d139941735;YES;;Friends,Family;;Judaism;;;;;;;;;;
ğŸ™;book;4bf58dd8d48988d13a941735;YES;;Friends,Family;;Christianity;;;;;;;;;;
ğŸ™;book;56aa371be4b08b9a8d5734f6;YES;;Friends,Family;;Religious Observance;;;;;;;;;;
ğŸ“º;building;52e81612bcbc57f1066b7a31;YES;;;;;;;;;;;;;;
ğŸ—³;building;4cae28ecbf23941eb1190695;YES;;;;;Campaigns & Elections;;;;;;;;;
ğŸ­;building;52e81612bcbc57f1066b7a36;YES;;;;;;;;;;;;;;
ğŸ­;building;58daa1558bbb0b01f18ec1ac;YES;;;;;;;;;;;;;;
ğŸ›ï¸;building;56aa371be4b08b9a8d5734c5;YES;Entertainment;;;;;;;;;;;;;
ğŸ‡;building;4bf58dd8d48988d14b941735;YES;Tourism;;;;;;;;;;;;;
ğŸ ;building;5032891291d4c4b30a586d68;YES;Accomodation;;;;;;;;;;;;Seniors & Retirement;
ğŸ ;building;4bf58dd8d48988d103941735;YES;Accomodation;;;;;;;;;;;;;
ğŸ¢;building;4f2a210c4b9023bd5841ed28;YES;Accomodation;;;;;;;;;;;Low;;
ğŸ¢;building;4d954b06a243a5684965b473;YES;Accomodation;;;;;;;;;;;;;
ğŸš;building;52f2ab2ebcbc57f1066b8b55;YES;Accomodation;;;;;;;;;;;Low;;
ğŸ’·;shop;52f2ab2ebcbc57f1066b8b56;;;;;;;;;;;;;;;
ğŸª;shop;5267e446e4b0ec79466e48c4;YES;Entertainment;;;;;;;;;;;;;
ğŸª;shop;4bf58dd8d48988d116951735;YES;Entertainment;;;;;;;;;;;;;
ğŸª;shop;4bf58dd8d48988d127951735;YES;Entertainment;;;;;;;;;;;;;
ğŸª;shop;52f2ab2ebcbc57f1066b8b43;YES;;;;;;;;;;;;;;
ğŸš™;shop;4eb1c1623b7b52c0e1adc2ec;YES;;;Driving;;;;;Private Vehicles;;;;;;
ğŸ‘¨â€ğŸ”§ï¸;shop;52f2ab2ebcbc57f1066b8b44;YES;;;Driving;;;;;Private Vehicles;;;;;;
ğŸ‘¨â€ğŸ”§ï¸;shop;56aa371be4b08b9a8d5734d3;YES;;;Driving;;;;;Private Vehicles;;;;;;
ğŸš™;shop;4bf58dd8d48988d124951735;YES;;;Driving;;;;;Private Vehicles;;;;;;
ğŸ¼;shop;52f2ab2ebcbc57f1066b8b32;YES;Shopping;;;;;;;;;;;;Children;
ğŸ¦;shop;4bf58dd8d48988d10a951735;YES;;;;;;;;;;;;;;
ğŸŠ;shop;52e81612bcbc57f1066b7a27;YES;Shopping;;;;;;;;;;;;;
ğŸª;shop;56aa371be4b08b9a8d5734cb;YES;;;;;;;;;;;;;;
ğŸ‡;shop;52f2ab2ebcbc57f1066b8b40;YES;;;;;;;;;;;;;;
ğŸª;shop;52f2ab2ebcbc57f1066b8b42;YES;Shopping;;;;;;;;;;;;;
ğŸš²;shop;4bf58dd8d48988d115951735;YES;Shopping;;Bike Riding;;;;;Bicycles;;;;;;
ğŸ„;shop;4bf58dd8d48988d1f1941735;YES;Shopping;;;;;;;;;;;;;
ğŸ“š;shop;4bf58dd8d48988d114951735;YES;Shopping;;;;;;;;;;;;;
ğŸ’;shop;4bf58dd8d48988d11a951735;YES;Shopping;;;;;;;;;;;;;
ğŸ–¨ï¸;shop;5453de49498eade8af355881;;;;;;;;;;;;;;;
ğŸ“·;shop;4eb1bdf03b7b55596b4a7491;YES;Shopping;;;;;;;;;;;;;
ğŸ­;shop;4bf58dd8d48988d117951735;YES;Shopping;;;;;;;;;;;;;
ğŸš¿;shop;4f04ae1f2fb6e1c99f3db0ba;YES;;;Driving;;;;;Private Vehicles;;;;;;
ğŸ¬;shop;52f2ab2ebcbc57f1066b8b2a;YES;Shopping;;;;;;;;;;;;;
ğŸ¬;shop;52f2ab2ebcbc57f1066b8b2d;;;;;;;;;;;;;;;
ğŸ–ï¸;shop;5744ccdfe4b0c0459246b4c7;YES;;;;;;;;;;;;;Children;
ğŸ–ï¸;shop;4f4532974b9074f6e4fb0104;YES;;;;;;;;;;;;;Children;
ğŸ«;shop;52f2ab2ebcbc57f1066b8b31;YES;Shopping;;;;;;;;;;;;;
ğŸ‘š;shop;4bf58dd8d48988d103951735;YES;Shopping;;;;;;;;;;;;;
âŒš;shop;4bf58dd8d48988d102951735;YES;Shopping;;;;;;;;;Female;;;;
ğŸ›ï¸;shopping-bag;4bf58dd8d48988d104951735;YES;Shopping;;;;;;;;;;;;;
ğŸ‘¶;shopping-bag;4bf58dd8d48988d105951735;YES;Shopping;;;;;;;;;;;;Children;
ğŸ‘™;shopping-bag;4bf58dd8d48988d109951735;YES;Shopping;;;;;;;;;Female;;;;
ğŸ‘•;shopping-bag;4bf58dd8d48988d106951735;YES;Shopping;;;;;;;;;Male;;;;
ğŸ‘ ;shopping-bag;4bf58dd8d48988d107951735;YES;Shopping;;;;;;;;;;;;;
ğŸ‘š;shopping-bag;4bf58dd8d48988d108951735;YES;Shopping;;;;;;;;;Female;;;;
ğŸ•·ï¸;shop;52f2ab2ebcbc57f1066b8b18;YES;Shopping;;;;;;;;;;;;;
ğŸ—ï¸;building;5454144b498ec1f095bff2f2;;;;;;;;;;;;;;;
ğŸª;shopping-cart;4d954b0ea243a5684a65b473;YES;Grocery Shopping;;;;;;;;;;;;;
ğŸ’„;shop;4bf58dd8d48988d10c951735;YES;Shopping;;;;;;;;;Female;;;;
ğŸ¬;shop;52f2ab2ebcbc57f1066b8b17;YES;Shopping;;;;;;;;;;;;;
ğŸ¦;shop;5032850891d4c4b30a586d62;;;;;;;;;;;;;;;
ğŸ¦;shop;5744ccdfe4b0c0459246b4be;YES;Tourism;;;;;;;;;;;;;
ğŸ›ï¸;shopping-bag;4bf58dd8d48988d1f6941735;YES;Shopping;;;;;;;;;;;High;;
ğŸ¬;shop;4bf58dd8d48988d1f4941735;YES;Shopping;;;;;;;;;;;High;;
ğŸ›’;shopping-cart;52dea92d3cf9994f4e043dbb;YES;Shopping;;;;;;;;;;;Low;;
ğŸŒŠ;shop;52f2ab2ebcbc57f1066b8b1a;YES;Shopping;;;;;;;;;;;;;
ğŸ’Š;shop;5745c2e4498e11e7bccabdbd;YES;Shopping;;;;;;Drugs & Medications,Headaches & Migraines;;;;;;;
ğŸ‘”;shop;52f2ab2ebcbc57f1066b8b1d;YES;;;;;;;;;;;;High;;
ğŸ”‹;shop;5032872391d4c4b30a586d64;YES;;;Driving;;;;;Private Vehicles,Hybrid Vehicles,Electric & Plug-In Vehicles;;;;;;
ğŸ’»;shop;4bf58dd8d48988d122951735;YES;Shopping;;;;;;;;;;;;;
ğŸ¤;shop;56aa371be4b08b9a8d573554;YES;Entertainment;;;;;;;;;;;;;
ğŸ“…;shop;5454152e498ef71e2b9132c6;YES;;;;;;;;;;;;;;
ğŸ‘š;shop;52f2ab2ebcbc57f1066b8b26;YES;Shopping;;;;;;;;;Female;;;;
ğŸ¬;shop;56aa371be4b08b9a8d573523;YES;Tourism;;;;;;;;;;;;;
ğŸ¦;building;503287a291d4c4b30a586d65;YES;;;;;;;;;;;;;;
ğŸ‡;shop;52f2ab2ebcbc57f1066b8b3a;YES;Shopping;;;;;;;;;;;;;
ğŸŸ;shop;52f2ab2ebcbc57f1066b8b16;YES;Shopping;;;;;;;;;;;;;
ğŸ‘š;shop;4bf58dd8d48988d1f7941735;YES;Shopping;;;;;;;;;;;;;
ğŸ›’;shopping-cart;56aa371be4b08b9a8d573505;YES;Shopping;;;;;;;;;;;;;
ğŸŒ¹;shop;4bf58dd8d48988d11b951735;YES;Shopping;;;;;;;;;;;;;
ğŸ»;shop;4bf58dd8d48988d1f9941735;YES;Grocery Shopping;;;;;;;;;;;;;
ğŸ»;beer;5370f356bcbc57f1066c94c2;YES;Grocery Shopping;;;;;;;;;;;;;
ğŸ®;shop;4bf58dd8d48988d11d951735;YES;Grocery Shopping;;;;;;;;;;;;;
ğŸ§€;shop;4bf58dd8d48988d11e951735;YES;Grocery Shopping;;;;;;;;;;;;;
ğŸ§€;shop;58daa1558bbb0b01f18ec1ca;YES;Grocery Shopping;;;;;;;;;;;;;
ğŸ‘¨â€ğŸŒ¾ï¸;shop;4bf58dd8d48988d1fa941735;YES;Grocery Shopping;;;;;;;;;;;;;
ğŸŸ;shop;4bf58dd8d48988d10e951735;YES;Grocery Shopping;;;;;;;;;;;;;
ğŸ¥—;shop;56aa371be4b08b9a8d573550;YES;Grocery Shopping;;;;;;;;;;;;;
ğŸ›’;shopping-cart;4bf58dd8d48988d1f5941735;YES;Grocery Shopping;;;;;;;;;;;High;;
ğŸ›’;shopping-cart;4bf58dd8d48988d118951735;YES;Grocery Shopping;;;;;;;;;;;;;
ğŸ›’;shopping-cart;50aa9e744b90af0d42d5de0e;YES;Grocery Shopping;;;;;;;;;;;;;
ğŸ›’;shopping-cart;58daa1558bbb0b01f18ec1e8;YES;Grocery Shopping;;;;;;;;;;;;;
ğŸ¥ƒ;shopping-cart;4bf58dd8d48988d186941735;YES;Grocery Shopping;;;;;;;;;;;;;
ğŸ›’;shopping-cart;52f2ab2ebcbc57f1066b8b45;YES;Grocery Shopping;;;;;;;;;;;;;
ğŸŒ­;shopping-cart;56aa371be4b08b9a8d573564;YES;Grocery Shopping;;;;;;;;;;;;;
ğŸŒ­;shopping-cart;53e0feef498e5aac066fd8a9;YES;Eating out;;;;;;;;;;;;;
ğŸ›’;shopping-cart;52f2ab2ebcbc57f1066b8b46;YES;Grocery Shopping;;;;;;;;;;;;;
ğŸ›’;shopping-cart;58daa1558bbb0b01f18ec1e5;YES;Grocery Shopping;;;;;;;;Arabs & Middle Easterners;;;;;
ğŸ·;shopping-cart;4bf58dd8d48988d119951735;YES;Grocery Shopping;;;;;;;;;;;;;
ğŸ–¼ï¸;shop;52f2ab2ebcbc57f1066b8b24;YES;Shopping;;;;;;;;;;;;;
ğŸ;shopping-cart;52f2ab2ebcbc57f1066b8b1c;YES;Grocery Shopping;;;;;;;;;;;;;
ğŸ›‹;shop;4bf58dd8d48988d1f8941735;YES;Shopping;;;;;;;;;;;;;
ğŸ’¡;shop;55888a5a498e782e3303b43a;YES;Shopping;;;;;;;;;;;;;
ğŸ•¹ï¸;shop;4bf58dd8d48988d18d941735;YES;Eating out;;;;;;;;;;;;;
ğŸŒ³;shop;4eb1c0253b7b52c0e1adc2e9;YES;Shopping;;;;;;;;;;;;;
â›½;shop;4bf58dd8d48988d113951735;YES;;;Driving;;;;;Motorcycles,Private Vehicles;;;;;;
ğŸ;shop;4bf58dd8d48988d128951735;YES;Shopping;;;;;;;;;;;;;
ğŸ”«;shop;52f2ab2ebcbc57f1066b8b19;YES;Shopping;;;;;;;;;Male;;;;
ğŸ”¨;shop;4bf58dd8d48988d112951735;YES;Shopping;;;;;;;;;Male;;;;
ğŸ’„;shop;54541900498ea6ccd0202697;YES;Shopping;;;;;;;;;Female;;;;
ğŸŒ¶ï¸;shop;52f2ab2ebcbc57f1066b8b2c;YES;Grocery Shopping;;;;;;;;;;;;;
ğŸ²;shop;4bf58dd8d48988d1fb941735;YES;Shopping;;;;;;;;;;;;;
ğŸ›‹;shop;545419b1498ea6ccd0202f58;YES;Shopping;;;;;;;;;;;;;
ğŸ”«;shop;50aaa5234b90af0d42d5de12;YES;Shopping;;;;;;;;;Male;;;;
ğŸ’»;shop;52f2ab2ebcbc57f1066b8b36;YES;;;;;;;;;;;;;;
ğŸ¢;shop;58daa1558bbb0b01f18ec1f1;YES;;;;;;;;;;;;;;
â˜•;shop;4bf58dd8d48988d1f0941735;YES;Eating out;;;;;;;;;;;;;
ğŸ’;shop;4bf58dd8d48988d111951735;YES;Shopping;;;;;;;;;Female;;;;
ğŸ”ª;shop;58daa1558bbb0b01f18ec1b4;YES;Shopping;;;;;;;;;;;;;
ğŸ‘š;shop;52f2ab2ebcbc57f1066b8b25;YES;Shopping;;;;;;;;;Female;;;;
ğŸ‘š;shop;52f2ab2ebcbc57f1066b8b33;YES;;;;;;;;;;;;;;
ğŸ‘š;shop;4bf58dd8d48988d1fc941735;YES;;;;;;;;;;;;;;
ğŸ¢;building;52f2ab2ebcbc57f1066b8b3f;YES;;;;;;;;;;;;;;
ğŸ‘œ;shop;52f2ab2ebcbc57f1066b8b2b;YES;Shopping;;;;;;;;;;;;;
ğŸ”‘;shop;52f2ab2ebcbc57f1066b8b1e;YES;;;;;;;;;;;;;;
ğŸ²;shop;52f2ab2ebcbc57f1066b8b38;YES;;;;;;Gambling,Lottery & Sweepstakes;;;;;;;;
ğŸ‘œ;shop;52f2ab2ebcbc57f1066b8b29;YES;Shopping;;;;;;;;;;;;;
ğŸš¬;shop;52c71aaf3cf9994f4e043d17;YES;;;;;;Drugs;;;;;;;;
ğŸ¥•;shop;50be8ee891d4fa8dcc7199a7;YES;Grocery Shopping;;;;;;;;;;;;;
ğŸ’†;shop;52f2ab2ebcbc57f1066b8b3c;YES;Self-care;;;;;;;;;;;;;
ğŸ’¤;shop;52f2ab2ebcbc57f1066b8b27;YES;Grocery Shopping;;;;;;;;;;;;;
ğŸ’‰;shop;58daa1558bbb0b01f18ec206;YES;Shopping;;;;;;Injury,Physical Therapy;;;;;;;
ğŸ¬;shop;4bf58dd8d48988d1ff941735;YES;;;;;;;;;;;;;;
ğŸ“±;shop;4f04afc02fb6e1c99f3db0bc;YES;;;;;;;;;;;;;;
ğŸ¬;shop;56aa371be4b08b9a8d57354a;YES;;;;;;;;;;;;;;
ğŸ›µ;shop;5032833091d4c4b30a586d60;YES;;;Driving;;;;;Motorcycles;;;;;;
ğŸï¸;shop;59d79d6b2e268052fa2a3332;YES;Shopping;;;;;;;;;Male;;;;
ğŸ¸;shop;4bf58dd8d48988d1fe941735;YES;Shopping;;;;;;;;;;;;;
ğŸ’…;shop;4f04aa0c2fb6e1c99f3db0b8;YES;Self-care;;;;;;;;;Female;;;;
ğŸ“°;shop;4f04ad622fb6e1c99f3db0b9;YES;Shopping;;;;;;;;;;;;;
ğŸ‘“;shop;4d954afda243a5684865b473;YES;Shopping;;;;;;Vision Care;;;;;;;
ğŸ”§;shop;52f2ab2ebcbc57f1066b8b2f;YES;Shopping;;;;;;;;;;;;;
â›°ï¸;shop;52f2ab2ebcbc57f1066b8b22;YES;Shopping;;;;;;;;;;;;;
ğŸ¬;shopping-bag;5744ccdfe4b0c0459246b4df;YES;Shopping;;;;;;;;;;;Low;;
ğŸ¬;shopping-bag;52f2ab2ebcbc57f1066b8b35;YES;Shopping;;;;;;;;;;;Low;;
âœ‚ï¸;shop;4bf58dd8d48988d121951735;YES;Shopping;;;;;;;;;;;;;
ğŸ¦;building;52f2ab2ebcbc57f1066b8b34;YES;;;;;;;;;;;;;;
ğŸ’„;shopping-bag;52f2ab2ebcbc57f1066b8b23;YES;Shopping;;;;;;;;;Female;;;;
ğŸˆ;paw;5032897c91d4c4b30a586d69;YES;;;;;;;;Pets;;;;;;
ğŸˆ;paw;4bf58dd8d48988d100951735;YES;Shopping;;;;;;;Pets;;;;;;
ğŸ’Š;stethoscope;4bf58dd8d48988d10f951735;YES;Shopping;;;;;;Headaches & Migraines,Drugs & Medications;;;;;;;
ğŸ“·;camera;4eb1bdde3b7b55596b4a7490;YES;Shopping;;;;;;;;;;;;;
ğŸï¸;camera;554a5e17498efabeda6cc559;YES;Shopping;;;;;;;;;;;;;
ğŸ’ ;shop;52f2ab2ebcbc57f1066b8b20;YES;Self-care;;;;;;;;;;;;;
ğŸ¬;shop;52f2ab2ebcbc57f1066b8b3d;YES;Shopping;;;;;;;;;;;;;
ğŸ–¨ï¸;shop;52f2ab2ebcbc57f1066b8b28;YES;Shopping;;;;;;;;;;;;;
ğŸš½;shop;5744ccdfe4b0c0459246b4c4;YES;;;;;;;;;;;;;;
ğŸ¢;building;5032885091d4c4b30a586d66;YES;;;;;;;;;;;;;;
ğŸµ;shop;4bf58dd8d48988d10d951735;YES;Shopping;;;;;;;;;;;;;
ğŸ¤;building;52f2ab2ebcbc57f1066b8b37;YES;Entertainment;;;;;;;;;;;;;
â™»ï¸;building;4f4531084b9074f6e4fb0101;;;;;;;;;;;;;;;
ğŸš—;building;56aa371be4b08b9a8d573552;;;;;;;;;;;;;;;
ğŸ’ˆ;shop;4bf58dd8d48988d110951735;YES;Self-care;;;;;;;;;Male;;;;
â™¨ï¸;shop;58daa1558bbb0b01f18ec1ae;YES;Self-care;;;;;;;;;;;;;
ğŸ“¦;shop;52f2ab2ebcbc57f1066b8b1f;YES;Shopping;;;;;;;;;;;;;
ğŸ‘;shop;52f2ab2ebcbc57f1066b8b39;YES;Shopping;;;;;;;;;;;;;
ğŸ›ï¸;shopping-bag;4bf58dd8d48988d1fd941735;YES;Shopping;;;;;;;;;;;;;
ğŸ›ï¸;shopping-bag;5744ccdfe4b0c0459246b4dc;YES;Shopping;;;;;;;;;;;;;
ğŸ¿;shop;56aa371be4b08b9a8d573566;YES;Shopping;;;;;;;;;;;;;
ğŸš¬;shop;4bf58dd8d48988d123951735;YES;Shopping;;;;;Smoking;;;;;;;;
ğŸ¥›;shop;52f2ab2ebcbc57f1066b8b41;YES;Eating out;;;;;;;;;;;;;
ğŸ“¸;shop;52f2ab2ebcbc57f1066b8b1b;YES;Shopping,Tourism;;;;;;;;;;;;;
â™¨ï¸;shop;4bf58dd8d48988d1ed941735;YES;Self-care;;;;;;;;;;;;;
ğŸ“;shopping-bag;4bf58dd8d48988d1f2941735;YES;Shopping,Sports;;;;;;;;;;;;;
âœ‚ï¸;shop;52f2ab2ebcbc57f1066b8b21;YES;Shopping;;;;;;;;;;;;;
ğŸ“¦;shop;4f04b1572fb6e1c99f3db0bf;;;;;;;;;;;;;;;
ğŸ“¦;shop;5744ccdfe4b0c0459246b4cd;;;;;;;;;;;;;;;
ğŸ‘”;shopping-bag;5032781d91d4c4b30a586d5b;YES;Shopping;;;;;;;;;Male;;;;
ğŸ–ï¸;shop;4d1cf8421a97d635ce361c31;YES;Self-care;;;;;;;;;;;;;
âš“;shop;4bf58dd8d48988d1de931735;YES;Self-care;;;;;;;;;;;;;
ğŸ‘;shop;4bf58dd8d48988d101951735;YES;Shopping;;;;;;;;;;;;;
ğŸ•¹ï¸;shop;4bf58dd8d48988d1f3941735;YES;Shopping;;;;;;;;;;;;;
âœˆï¸;plane;4f04b08c2fb6e1c99f3db0bd;YES;Tourism;;;;;;;;;;;;;
ğŸ“š;shop;52f2ab2ebcbc57f1066b8b30;YES;Shopping;;;;;;;;;;;;;
ğŸ’¨;shop;56aa371be4b08b9a8d57355c;YES;Shopping;;;;;;;;;;;;;
ğŸ•¹ï¸;shop;4bf58dd8d48988d10b951735;YES;Shopping;;;;;;;;;;;;;
ğŸ“¼;shop;4bf58dd8d48988d126951735;YES;Shopping;;;;;;;;;;;;;
ğŸ­;shop;52e816a6bcbc57f1066b7a54;YES;Shopping;;;;;;;;;;;;;
âŒš;shop;52f2ab2ebcbc57f1066b8b2e;YES;Shopping;;;;;;;;;Male;;High;;
âœˆï¸;plane;4bf58dd8d48988d1ed931735;YES;Tourism;;;;;;;;;;;;;
ğŸ½ï¸;plane;4bf58dd8d48988d1ef931735;YES;Tourism;;;;;;;;;;;;;
âœˆï¸;plane;4bf58dd8d48988d1f0931735;YES;Tourism;;;;;;;;;;;;;
âœˆï¸;plane;4eb1bc533b7b2c5b1d4306cb;YES;Tourism;;;;;;;;;;;;;
âœˆï¸;plane;56aa371be4b08b9a8d57352f;YES;Tourism;;;;;;;;;;;;;
âœˆï¸;plane;4bf58dd8d48988d1eb931735;YES;Tourism;;;;;;;;;;;;;
ğŸšŠ;plane;4bf58dd8d48988d1ec931735;YES;Tourism;;;;;;;;;;;;;
ğŸ‘œ;plane;5744ccdfe4b0c0459246b4e5;YES;Tourism;;;;;;;;;;;;;
âœˆï¸;plane;4bf58dd8d48988d1f7931735;YES;Tourism;;;;;;;;;;;;;
ğŸ”“;plane;5744ccdfe4b0c0459246b4e8;YES;Tourism;;;;;;;;;;;;;
ğŸš²;bicycle;4e4c9077bd41f78e849722f9;YES;Tourism,Sports;;;;;;;;;;;;;
ğŸš£;ship;5744ccdfe4b0c0459246b4c1;YES;Tourism,Sports;;;;;;;;;;;;;
ğŸš¢;ship;4bf58dd8d48988d12d951735;YES;Tourism;;;;;;;;;;;;;
ğŸ›ƒ;plane;52f2ab2ebcbc57f1066b8b4b;;;;;;;;;;;;;;;
ğŸš;bus;4bf58dd8d48988d1fe931735;;;;;;;;;;;;;;;
ğŸš;bus;4bf58dd8d48988d12b951735;;;;;;;;;;;;;;;
ğŸš;bus;52f2ab2ebcbc57f1066b8b4f;;;;;;;;;;;;;;;
ğŸšƒ;bus;52f2ab2ebcbc57f1066b8b50;;;;;;;;;;;;;;;
ğŸš¢;bus;55077a22498e5e9248869ba2;YES;Tourism;Family,Friends;;;;;;;;;;High;;
ğŸª;shop;589ddde98ae3635c072819ee;YES;Tourism,Shopping;;;;;;;;;;;;;
âœˆï¸;plane;4bf58dd8d48988d1f6931735;YES;Tourism;Family,Friends;;;;;;;;;;;;
ğŸš;plane;56aa371ce4b08b9a8d57356e;YES;Tourism;;;;;;;;;;;High;;
ğŸ›ï¸;building;4bf58dd8d48988d1f8931735;YES;Tourism;Family,Friends;;;;;;;;;;;;
ğŸ›ï¸;building;4f4530a74b9074f6e4fb0100;YES;Tourism;Family,Friends;;;;;;;;;;High;;
ğŸ›ï¸;building;4bf58dd8d48988d1ee931735;YES;Tourism;Family,Friends;;;;;;;;;;Low;;
ğŸ›ï¸;building;4bf58dd8d48988d132951735;YES;Tourism;Family,Friends;;;;;;;;;;High;;
ğŸ›ï¸;building;4bf58dd8d48988d1fb931735;YES;Tourism;Family,Friends;;;;;;;;;;Low;;
ğŸ›ï¸;building;4bf58dd8d48988d12f951735;YES;Tourism;Family,Friends;;;;;;;;;;High;;
ğŸ›ï¸;building;4bf58dd8d48988d133951735;YES;Tourism;Family,Friends;;;;;;;;;;;;
ğŸ›ï¸;building;56aa371be4b08b9a8d5734e1;YES;Tourism;Family,Friends;;;;;;;;;;;;
ğŸš¦;road;52f2ab2ebcbc57f1066b8b4c;;;;;;;;;;;;;;;
ğŸš‰;train;4bf58dd8d48988d1fc931735;;;;;;;;;;;;;;;Commute
ğŸšˆ;train;4bf58dd8d48988d1fd931735;;;;;;;;;;;;;;;Commute
ğŸ¯;road;4f2a23984b9023bd5841ed2c;;;;;;;;;;;;;;;
ğŸ¡;ship;4e74f6cabd41c4836eac4c31;;Tourism;;;;;;;;;;;;;
ğŸš¢;ship;56aa371be4b08b9a8d57353e;;Tourism;;;;;;;;;;;;;
ğŸš;car;52f2ab2ebcbc57f1066b8b53;YES;Tourism;Family,Friends;Driving;;;;;Campers & RVs;;;;;;
ğŸš—;car;4bf58dd8d48988d1ef941735;YES;Tourism;;Driving;;;;;;;;;;;Long distance
ğŸ›£ï¸;road;4d954b16a243a5684b65b473;YES;Tourism;Family,Friends;;;;;;;;;;;;
ğŸ›£ï¸;road;4bf58dd8d48988d1f9931735;;;;;;;;;;;;;;;
ğŸš•;taxi;53fca564498e1a175f32528b;;;;;;;;;;;;;;;Commute
ğŸš•;taxi;4bf58dd8d48988d130951735;;;;;;;;;;;;;;;Commute
ğŸ›£ï¸;road;52f2ab2ebcbc57f1066b8b4d;;;;;;;;;;;;;;;Long distance
ğŸ›£ï¸;road;52f2ab2ebcbc57f1066b8b4e;;;;;;;;;;;;;;;Long distance
â„¹ï¸;road;4f4530164b9074f6e4fb00ff;YES;Tourism;Family,Friends;;;;;;;;;;;;
ğŸš‚;train;4bf58dd8d48988d129951735;;Tourism;;;;;;;;;;;;;Long distance
ğŸš‚;train;4f4531504b9074f6e4fb0102;;;;;;;;;;;;;;;Long distance
ğŸš‚;train;4bf58dd8d48988d12a951735;YES;;;;;;;;;;;;;;
ğŸšƒ;train;52f2ab2ebcbc57f1066b8b51;;;;;;;;;;;;;;;Commute
â„¹ï¸;train;54541b70498ea6ccd0204bff;;;;;;;;;;;;;;;
âœˆï¸;plane;4f04b25d2fb6e1c99f3db0c0;YES;Tourism;;;;;;;;;;;;;
ğŸš‡;road;52f2ab2ebcbc57f1066b8b4a;;;;;;;;;;;;;;;
âœˆï¸;plane;4d4b7105d754a06379d81259;YES;Tourism;;;;;;;;;;;;;Commute,Long distance
ğŸ¸;beer;4d4b7105d754a06376d81259;YES;Entertainment,Eating out;Family,Friends;;;;;;;;;;;;
ğŸ›ï¸;shopping-bag;4d4b7105d754a06378d81259;YES;Shopping;;;;;;;;;;;;;
ğŸ­;masks;4d4b7104d754a06370d81259;YES;Entertainment,Tourism;Family,Friends;;;;;;;;;;;;
ğŸ’»;building;4d4b7105d754a06375d81259;YES;Shopping;Family,Friends;;;;;;;;;;;;
ğŸ–ï¸;mountain;4d4b7105d754a06377d81259;YES;Sports,Entertainment;Family,Friends;;;;;;;;;;;;
ğŸ“;university;4d4b7105d754a06372d81259;YES;Education,Tourism;Friends,Colleagues;;;;;;;;;;;;
ğŸŸï¸;futbol;4f4528bc4b90abdf24c9de85;YES;Sports,Entertainment;Friends;;;;;;;;;;;;
