NAME;ID;INT;ACT;SOC;SKL;REL;POL;ADD;HEA;OWN;ETH;GEN;AGE;STA;FAM;TRA
Amphitheater;56aa371be4b08b9a8d5734db;YES;Entertainment;Family,Friends;;;;;;;;;;;;
Aquarium;4fceea171983d5d06c3e9823;YES;Entertainment,Tourism;Family,Friends;;;;;;;;;;;;
Arcade;4bf58dd8d48988d1e1931735;YES;Entertainment;Family,Friends;;;;;;;;;;;;
Art Gallery;4bf58dd8d48988d1e2931735;YES;Entertainment,Tourism;;;;;;;;;;;;;
Bowling Alley;4bf58dd8d48988d1e4931735;YES;Entertainment;Family,Friends;;;;;;;;;;;;
Casino;4bf58dd8d48988d17c941735;YES;Entertainment,Tourism;Family,Friends,Colleagues;;;;;;;;;;;;
Circus;52e81612bcbc57f1066b79e7;YES;Entertainment;;;;;;;;;;;;;
Comedy Club;4bf58dd8d48988d18e941735;YES;Entertainment;Family,Friends;;;;;;;;;;;;
Concert Hall;5032792091d4c4b30a586d5c;YES;Entertainment;Family,Friends;;;;;;;;;;;;
Country Dance Club;52e81612bcbc57f1066b79ef;YES;Entertainment;Family,Friends;;;;;;;;;;;;
Disc Golf;52e81612bcbc57f1066b79e8;YES;Entertainment;Family,Friends;;;;;;;;;;;;
Exhibit;56aa371be4b08b9a8d573532;YES;Entertainment;;;;;;;;;;;;;
General Entertainment;4bf58dd8d48988d1f1931735;YES;Entertainment;Family,Friends;;;;;;;;;;;;
Go Kart Track;52e81612bcbc57f1066b79ea;YES;Entertainment;Family,Friends;Drive;;;;;;;;;;;
Historic Site;4deefb944765f83613cdba6e;YES;Entertainment,Tourism;;;;;;;;;;;;;
Karaoke Box;5744ccdfe4b0c0459246b4bb;YES;Entertainment;Family,Friends;;;;;;;;;;;;
Laser Tag;52e81612bcbc57f1066b79e6;YES;Entertainment;Family,Friends;;;;;;;;;;;;
Memorial Site;5642206c498e4bfca532186c;YES;Entertainment,Tourism;;;;;;;;;;;;;
Mini Golf;52e81612bcbc57f1066b79eb;YES;Entertainment;Family,Friends;;;;;;;;;;;;
Movie Theater;4bf58dd8d48988d17f941735;YES;Entertainment;Family,Friends;;;;;;;;;;;;
Drive-in Theater;56aa371be4b08b9a8d5734de;YES;Entertainment;Family,Friends;;;;;;;;;;;;
Indie Movie Theater;4bf58dd8d48988d17e941735;YES;Entertainment;Family,Friends;;;;;;;;;;;;
Multiplex;4bf58dd8d48988d180941735;YES;Entertainment;Family,Friends;;;;;;;;;;;;
Museum;4bf58dd8d48988d181941735;YES;Entertainment,Tourism;;;;;;;;;;;;;
Art Museum;4bf58dd8d48988d18f941735;YES;Entertainment,Tourism;;;;;;;;;;;;;
Erotic Museum;559acbe0498e472f1a53fa23;YES;Entertainment,Tourism;;;;;;;;;;;;;
History Museum;4bf58dd8d48988d190941735;YES;Entertainment,Tourism;;;;;;;;;;;;;
Planetarium;4bf58dd8d48988d192941735;YES;Entertainment,Tourism;;;;;;;;;;;;;
Science Museum;4bf58dd8d48988d191941735;YES;Entertainment,Tourism;;;;;;;;;;;;;
Music Venue;4bf58dd8d48988d1e5931735;YES;Entertainment,Tourism;;;;;;;;;;;;;
Jazz Club;4bf58dd8d48988d1e7931735;YES;Entertainment;Family,Friends;;;;;;;;;;;;
Piano Bar;4bf58dd8d48988d1e8931735;YES;Entertainment;Family,Friends;;;;;;;;;;;;
Rock Club;4bf58dd8d48988d1e9931735;YES;Entertainment;Family,Friends;;;;;;;;;;;;
Pachinko Parlor;5744ccdfe4b0c0459246b4b8;YES;Entertainment;;;;;;;;;;;;;
Performing Arts Venue;4bf58dd8d48988d1f2931735;YES;Entertainment;Family,Friends;;;;;;;;;;;;
Dance Studio;4bf58dd8d48988d134941735;YES;Entertainment;Family,Friends;;;;;;;;;;;;
Indie Theater;4bf58dd8d48988d135941735;YES;Entertainment;Family,Friends;;;;;;;;;;;;
Opera House;4bf58dd8d48988d136941735;YES;Entertainment,Tourism;Family,Friends;;;;;;;;;;;;
Theater;4bf58dd8d48988d137941735;YES;Entertainment,Tourism;Family,Friends;;;;;;;;;;;;
Pool Hall;4bf58dd8d48988d1e3931735;YES;Entertainment;Family,Friends;;;;;;;;;;;;
Public Art;507c8c4091d498d9fc8c67a9;YES;Entertainment,Tourism;;;;;;;;;;;;;
Outdoor Sculpture;52e81612bcbc57f1066b79ed;YES;Entertainment,Tourism;;;;;;;;;;;;;
Street Art;52e81612bcbc57f1066b79ee;YES;Entertainment,Tourism;;;;;;;;;;;;;
Racecourse;56aa371be4b08b9a8d573514;YES;Entertainment,Sports;Family,Friends;;;;;;;;;;;;
Racetrack;4bf58dd8d48988d1f4931735;YES;Entertainment,Sports;Family,Friends;;;;;;;;;;;;
Roller Rink;52e81612bcbc57f1066b79e9;YES;Entertainment,Sports;Family,Friends;;;;;;;;;;;;
Salsa Club;52e81612bcbc57f1066b79ec;YES;Entertainment,Sports;Family,Friends;Dance;;;;;;;;;;;
Samba School;56aa371be4b08b9a8d5734f9;YES;Entertainment,Sports;Family,Friends;Dance;;;;;;;;;;;
Stadium;4bf58dd8d48988d184941735;YES;Entertainment,Sports;Family,Friends;;;;;;;;;;;;
Baseball Stadium;4bf58dd8d48988d18c941735;YES;Entertainment,Sports;Family,Friends;;;;;;;;;;;;
Basketball Stadium;4bf58dd8d48988d18b941735;YES;Entertainment,Sports;Family,Friends;;;;;;;;;;;;
Cricket Ground;4bf58dd8d48988d18a941735;YES;Entertainment,Sports;Family,Friends;;;;;;;;;;;;
Football Stadium;4bf58dd8d48988d189941735;YES;Entertainment,Sports;Family,Friends;;;;;;;;;;;;
Hockey Arena;4bf58dd8d48988d185941735;YES;Entertainment,Sports;Family,Friends;;;;;;;;;;;;
Rugby Stadium;56aa371be4b08b9a8d573556;YES;Entertainment,Sports;Family,Friends;;;;;;;;;;;;
Soccer Stadium;4bf58dd8d48988d188941735;YES;Entertainment,Sports;Family,Friends;;;;;;;;;;;;
Tennis Stadium;4e39a891bd410d7aed40cbc2;YES;Entertainment,Sports;Family,Friends;;;;;;;;;;;;
Track Stadium;4bf58dd8d48988d187941735;YES;Entertainment,Sports;Family,Friends;;;;;;;;;;;;
Theme Park;4bf58dd8d48988d182941735;YES;Entertainment;Family,Friends;;;;;;;;;;;;
Theme Park Ride / Attraction;5109983191d435c0d71c2bb1;YES;Entertainment;Family,Friends;;;;;;;;;;;;
Tour Provider;56aa371be4b08b9a8d573520;YES;Tourism;;;;;;;;;;;;;
Water Park;4bf58dd8d48988d193941735;YES;Entertainment;Family,Friends;;;;;;;;;;;;
Zoo;4bf58dd8d48988d17b941735;YES;Entertainment,Tourism;Family,Friends;;;;;;;;;;;;
Zoo Exhibit;58daa1558bbb0b01f18ec1fd;YES;Entertainment,Tourism;Family,Friends;;;;;;;;;;;;
College Academic Building;4bf58dd8d48988d198941735;YES;Education;Friends,Colleagues;;;;;;;;;;;;
College Arts Building;4bf58dd8d48988d199941735;YES;Education;Friends,Colleagues;Arts;;;;;;;;;;;
College Communications Building;4bf58dd8d48988d19a941735;YES;Education;Friends,Colleagues;Communication;;;;;;;;;;;
College Engineering Building;4bf58dd8d48988d19e941735;YES;Education;Friends,Colleagues;Engineering;;;;;;;;;;;
College History Building;4bf58dd8d48988d19d941735;YES;Education;Friends,Colleagues;History;;;;;;;;;;;
College Math Building;4bf58dd8d48988d19c941735;YES;Education;Friends,Colleagues;Maths;;;;;;;;;;;
College Science Building;4bf58dd8d48988d19b941735;YES;Education;Friends,Colleagues;Sciences;;;;;;;;;;;
College Technology Building;4bf58dd8d48988d19f941735;YES;Education;Friends,Colleagues;Technology;;;;;;;;;;;
College Administrative Building;4bf58dd8d48988d197941735;YES;Education;Friends,Colleagues;;;;;;;;;;;;
College Auditorium;4bf58dd8d48988d1af941735;YES;Education;Friends,Colleagues;;;;;;;;;;;;
College Bookstore;4bf58dd8d48988d1b1941735;YES;Education;Friends,Colleagues;;;;;;;;;;;;
College Cafeteria;4bf58dd8d48988d1a1941735;YES;Eating out;Friends,Colleagues;;;;;;;;;;;;
College Classroom;4bf58dd8d48988d1a0941735;YES;Education;Friends,Colleagues;;;;;;;;;;;;
College Gym;4bf58dd8d48988d1b2941735;YES;Sports;Friends,Colleagues;;;;;;;;;;;;
College Lab;4bf58dd8d48988d1a5941735;YES;Education;Friends,Colleagues;;;;;;;;;;;;
College Library;4bf58dd8d48988d1a7941735;YES;Education;Friends,Colleagues;;;;;;;;;;;;
College Quad;4bf58dd8d48988d1aa941735;YES;Education;Friends,Colleagues;;;;;;;;;;;;
College Rec Center;4bf58dd8d48988d1a9941735;YES;Sports,Entertainment;Friends,Colleagues;;;;;;;;;;;;
College Residence Hall;4bf58dd8d48988d1a3941735;YES;Housing;Friends,Colleagues;;;;;;;;;;;;
College Stadium;4bf58dd8d48988d1b4941735;YES;Entertainment,Sports;Friends,Colleagues;;;;;;;;;;;;
College Baseball Diamond;4bf58dd8d48988d1bb941735;YES;Entertainment,Sports;Friends,Colleagues;Sports;;;;;;;;;;;
College Basketball Court;4bf58dd8d48988d1ba941735;YES;Entertainment,Sports;Friends,Colleagues;Sports;;;;;;;;;;;
College Cricket Pitch;4bf58dd8d48988d1b9941735;YES;Entertainment,Sports;Friends,Colleagues;Sports;;;;;;;;;;;
College Football Field;4bf58dd8d48988d1b8941735;YES;Entertainment,Sports;Friends,Colleagues;Sports;;;;;;;;;;;
College Hockey Rink;4bf58dd8d48988d1b5941735;YES;Entertainment,Sports;Friends,Colleagues;Sports;;;;;;;;;;;
College Soccer Field;4bf58dd8d48988d1b7941735;YES;Entertainment,Sports;Friends,Colleagues;Sports;;;;;;;;;;;
College Tennis Court;4e39a9cebd410d7aed40cbc4;YES;Entertainment,Sports;Friends,Colleagues;Sports;;;;;;;;;;;
College Track;4bf58dd8d48988d1b6941735;YES;Entertainment,Sports;Friends,Colleagues;Sports;;;;;;;;;;;
College Theater;4bf58dd8d48988d1ac941735;YES;Entertainment;Friends,Colleagues;YES;;;;;;;;;;;
Community College;4bf58dd8d48988d1a2941735;YES;Education;Friends,Colleagues;YES;;;;;;;;;;;
Fraternity House;4bf58dd8d48988d1b0941735;YES;Education;Friends,Colleagues;;;;;;;;;;;;
General College & University;4bf58dd8d48988d1a8941735;YES;Education;Friends,Colleagues;;;;;;;;;;;;
Law School;4bf58dd8d48988d1a6941735;YES;Education;Friends,Colleagues;Law;;;;;;;;;;;
Medical School;4bf58dd8d48988d1b3941735;YES;Education;Friends,Colleagues;Medecine;;;;;;;;;;;
Sorority House;4bf58dd8d48988d141941735;YES;Education;Friends,Colleagues;;;;;;;;;;;;
Student Center;4bf58dd8d48988d1ab941735;YES;Education;Friends,Colleagues;;;;;;;;;;;;
Trade School;4bf58dd8d48988d1ad941735;YES;Education;Friends,Colleagues;YES;;;;;;;;;;;
University;4bf58dd8d48988d1ae941735;YES;Education;Friends,Colleagues;;;;;;;;;;;;
Christmas Market;52f2ab2ebcbc57f1066b8b3b;YES;Tourism;;;;;;;;;;;;;
Conference;5267e4d9e4b0ec79466e48c6;YES;Entertainment;;;;;;;;;;;;;
Convention;5267e4d9e4b0ec79466e48c9;YES;Entertainment;;;;;;;;;;;;;
Festival;5267e4d9e4b0ec79466e48c7;YES;Tourism,Entertainment;;;;;;;;;;;;;
Line / Queue;58daa1558bbb0b01f18ec1fa;YES;Tourism;;;;;;;;;;;;;
Music Festival;5267e4d9e4b0ec79466e48d1;YES;Entertainment;;;;;;;;;;;;;
Other Event;5267e4d9e4b0ec79466e48c8;YES;Entertainment;;;;;;;;;;;;;
Parade;52741d85e4b0d5d1e3c6a6d9;YES;Tourism,Entertainment;;;;;;;;;;;;;
Stoop Sale;52f2ab2ebcbc57f1066b8b54;YES;Entertainment;;;;;;;;;;;;;
Street Fair;5267e4d8e4b0ec79466e48c5;YES;Tourism,Entertainment;;;;;;;;;;;;;
Afghan Restaurant;503288ae91d4c4b30a586d67;YES;Eating out;Family,Friends,Colleagues;;;;;;;Arabs & Middle Easterners;;;;;
African Restaurant;4bf58dd8d48988d1c8941735;YES;Eating out;Family,Friends,Colleagues;;;;;;;Africans;;;;;
Ethiopian Restaurant;4bf58dd8d48988d10a941735;YES;Eating out;Family,Friends,Colleagues;;;;;;;Arabs & Middle Easterners;;;;;
American Restaurant;4bf58dd8d48988d14e941735;YES;Eating out;Family,Friends,Colleagues;;;;;;;;;;;;
New American Restaurant;4bf58dd8d48988d157941735;YES;Eating out;Family,Friends,Colleagues;;;;;;;North Americans;;;;;
Asian Restaurant;4bf58dd8d48988d142941735;YES;Eating out;Family,Friends,Colleagues;;;;;;;;;;;;
Burmese Restaurant;56aa371be4b08b9a8d573568;Southeast Asian Cuisine;Eating out;Family,Friends,Colleagues;;;;;;;East Asians & Diaspora;;;;;
Cambodian Restaurant;52e81612bcbc57f1066b7a03;Southeast Asian Cuisine;Eating out;Family,Friends,Colleagues;;;;;;;East Asians & Diaspora;;;;;
Chinese Restaurant;4bf58dd8d48988d145941735;Chinese Cuisine;Eating out;Family,Friends,Colleagues;;;;;;;East Asians & Diaspora;;;;;
Anhui Restaurant;52af3a5e3cf9994f4e043bea;Chinese Cuisine;Eating out;Family,Friends,Colleagues;;;;;;;East Asians & Diaspora;;;;;
Beijing Restaurant;52af3a723cf9994f4e043bec;Chinese Cuisine;Eating out;Family,Friends,Colleagues;;;;;;;East Asians & Diaspora;;;;;
Cantonese Restaurant;52af3a7c3cf9994f4e043bed;Chinese Cuisine;Eating out;Family,Friends,Colleagues;;;;;;;East Asians & Diaspora;;;;;
Cha Chaan Teng;58daa1558bbb0b01f18ec1d3;Chinese Cuisine;Eating out;Family,Friends,Colleagues;;;;;;;East Asians & Diaspora;;;;;
Chinese Aristocrat Restaurant;52af3a673cf9994f4e043beb;Chinese Cuisine;Eating out;Family,Friends,Colleagues;;;;;;;East Asians & Diaspora;;;;;
Chinese Breakfast Place;52af3a903cf9994f4e043bee;Chinese Cuisine;Eating out;Family,Friends,Colleagues;;;;;;;East Asians & Diaspora;;;;;
Dim Sum Restaurant;4bf58dd8d48988d1f5931735;Chinese Cuisine;Eating out;Family,Friends,Colleagues;;;;;;;East Asians & Diaspora;;;;;
Dongbei Restaurant;52af3a9f3cf9994f4e043bef;Chinese Cuisine;Eating out;Family,Friends,Colleagues;;;;;;;East Asians & Diaspora;;;;;
Fujian Restaurant;52af3aaa3cf9994f4e043bf0;Chinese Cuisine;Eating out;Family,Friends,Colleagues;;;;;;;East Asians & Diaspora;;;;;
Guizhou Restaurant;52af3ab53cf9994f4e043bf1;Chinese Cuisine;Eating out;Family,Friends,Colleagues;;;;;;;East Asians & Diaspora;;;;;
Hainan Restaurant;52af3abe3cf9994f4e043bf2;Chinese Cuisine;Eating out;Family,Friends,Colleagues;;;;;;;East Asians & Diaspora;;;;;
Hakka Restaurant;52af3ac83cf9994f4e043bf3;Chinese Cuisine;Eating out;Family,Friends,Colleagues;;;;;;;East Asians & Diaspora;;;;;
Henan Restaurant;52af3ad23cf9994f4e043bf4;Chinese Cuisine;Eating out;Family,Friends,Colleagues;;;;;;;East Asians & Diaspora;;;;;
Hong Kong Restaurant;52af3add3cf9994f4e043bf5;Chinese Cuisine;Eating out;Family,Friends,Colleagues;;;;;;;East Asians & Diaspora;;;;;
Huaiyang Restaurant;52af3af23cf9994f4e043bf7;Chinese Cuisine;Eating out;Family,Friends,Colleagues;;;;;;;East Asians & Diaspora;;;;;
Hubei Restaurant;52af3ae63cf9994f4e043bf6;Chinese Cuisine;Eating out;Family,Friends,Colleagues;;;;;;;East Asians & Diaspora;;;;;
Hunan Restaurant;52af3afc3cf9994f4e043bf8;Chinese Cuisine;Eating out;Family,Friends,Colleagues;;;;;;;East Asians & Diaspora;;;;;
Imperial Restaurant;52af3b053cf9994f4e043bf9;Chinese Cuisine;Eating out;Family,Friends,Colleagues;;;;;;;East Asians & Diaspora;;;;;
Jiangsu Restaurant;52af3b213cf9994f4e043bfa;Chinese Cuisine;Eating out;Family,Friends,Colleagues;;;;;;;East Asians & Diaspora;;;;;
Jiangxi Restaurant;52af3b293cf9994f4e043bfb;Chinese Cuisine;Eating out;Family,Friends,Colleagues;;;;;;;East Asians & Diaspora;;;;;
Macanese Restaurant;52af3b343cf9994f4e043bfc;Chinese Cuisine;Eating out;Family,Friends,Colleagues;;;;;;;East Asians & Diaspora;;;;;
Manchu Restaurant;52af3b3b3cf9994f4e043bfd;Chinese Cuisine;Eating out;Family,Friends,Colleagues;;;;;;;East Asians & Diaspora;;;;;
Peking Duck Restaurant;52af3b463cf9994f4e043bfe;Chinese Cuisine;Eating out;Family,Friends,Colleagues;;;;;;;East Asians & Diaspora;;;;;
Shaanxi Restaurant;52af3b633cf9994f4e043c01;Chinese Cuisine;Eating out;Family,Friends,Colleagues;;;;;;;East Asians & Diaspora;;;;;
Shandong Restaurant;52af3b513cf9994f4e043bff;Chinese Cuisine;Eating out;Family,Friends,Colleagues;;;;;;;East Asians & Diaspora;;;;;
Shanghai Restaurant;52af3b593cf9994f4e043c00;Chinese Cuisine;Eating out;Family,Friends,Colleagues;;;;;;;East Asians & Diaspora;;;;;
Shanxi Restaurant;52af3b6e3cf9994f4e043c02;Chinese Cuisine;Eating out;Family,Friends,Colleagues;;;;;;;East Asians & Diaspora;;;;;
Szechuan Restaurant;52af3b773cf9994f4e043c03;Chinese Cuisine;Eating out;Family,Friends,Colleagues;;;;;;;East Asians & Diaspora;;;;;
Taiwanese Restaurant;52af3b813cf9994f4e043c04;Chinese Cuisine;Eating out;Family,Friends,Colleagues;;;;;;;East Asians & Diaspora;;;;;
Tianjin Restaurant;52af3b893cf9994f4e043c05;Chinese Cuisine;Eating out;Family,Friends,Colleagues;;;;;;;East Asians & Diaspora;;;;;
Xinjiang Restaurant;52af3b913cf9994f4e043c06;Chinese Cuisine;Eating out;Family,Friends,Colleagues;;;;;;;East Asians & Diaspora;;;;;
Yunnan Restaurant;52af3b9a3cf9994f4e043c07;Chinese Cuisine;Eating out;Family,Friends,Colleagues;;;;;;;East Asians & Diaspora;;;;;
Zhejiang Restaurant;52af3ba23cf9994f4e043c08;Chinese Cuisine;Eating out;Family,Friends,Colleagues;;;;;;;East Asians & Diaspora;;;;;
Filipino Restaurant;4eb1bd1c3b7b55596b4a748f;Southeast Asian Cuisine;Eating out;Family,Friends,Colleagues;;;;;;;East Asians & Diaspora;;;;;
Himalayan Restaurant;52e81612bcbc57f1066b79fb;Southeast Asian Cuisine;Eating out;Family,Friends,Colleagues;;;;;;;East Asians & Diaspora;;;;;
Hotpot Restaurant;52af0bd33cf9994f4e043bdd;Southeast Asian Cuisine;Eating out;Family,Friends,Colleagues;;;;;;;East Asians & Diaspora;;;;;
Indonesian Restaurant;4deefc054765f83613cdba6f;Southeast Asian Cuisine;Eating out;Family,Friends,Colleagues;;;;;;;East Asians & Diaspora;;;;;
Acehnese Restaurant;52960eda3cf9994f4e043ac9;Southeast Asian Cuisine;Eating out;Family,Friends,Colleagues;;;;;;;East Asians & Diaspora;;;;;
Balinese Restaurant;52960eda3cf9994f4e043acb;Southeast Asian Cuisine;Eating out;Family,Friends,Colleagues;;;;;;;East Asians & Diaspora;;;;;
Betawinese Restaurant;52960eda3cf9994f4e043aca;Southeast Asian Cuisine;Eating out;Family,Friends,Colleagues;;;;;;;East Asians & Diaspora;;;;;
Indonesian Meatball Place;52960eda3cf9994f4e043acc;Southeast Asian Cuisine;Eating out;Family,Friends,Colleagues;;;;;;;East Asians & Diaspora;;;;;
Javanese Restaurant;52960eda3cf9994f4e043ac7;Southeast Asian Cuisine;Eating out;Family,Friends,Colleagues;;;;;;;East Asians & Diaspora;;;;;
Manadonese Restaurant;52960eda3cf9994f4e043ac8;Southeast Asian Cuisine;Eating out;Family,Friends,Colleagues;;;;;;;East Asians & Diaspora;;;;;
Padangnese Restaurant;52960eda3cf9994f4e043ac5;Southeast Asian Cuisine;Eating out;Family,Friends,Colleagues;;;;;;;East Asians & Diaspora;;;;;
Sundanese Restaurant;52960eda3cf9994f4e043ac6;Southeast Asian Cuisine;Eating out;Family,Friends,Colleagues;;;;;;;East Asians & Diaspora;;;;;
Japanese Restaurant;4bf58dd8d48988d111941735;Japanese Cuisine;Eating out;Family,Friends,Colleagues;;;;;;;East Asians & Diaspora;;;;;
Donburi Restaurant;55a59bace4b013909087cb0c;Japanese Cuisine;Eating out;Family,Friends,Colleagues;;;;;;;East Asians & Diaspora;;;;;
Japanese Curry Restaurant;55a59bace4b013909087cb30;Japanese Cuisine;Eating out;Family,Friends,Colleagues;;;;;;;East Asians & Diaspora;;;;;
Kaiseki Restaurant;55a59bace4b013909087cb21;Japanese Cuisine;Eating out;Family,Friends,Colleagues;;;;;;;East Asians & Diaspora;;;;;
Kushikatsu Restaurant;55a59bace4b013909087cb06;Japanese Cuisine;Eating out;Family,Friends,Colleagues;;;;;;;East Asians & Diaspora;;;;;
Monjayaki Restaurant;55a59bace4b013909087cb1b;Japanese Cuisine;Eating out;Family,Friends,Colleagues;;;;;;;East Asians & Diaspora;;;;;
Nabe Restaurant;55a59bace4b013909087cb1e;Japanese Cuisine;Eating out;Family,Friends,Colleagues;;;;;;;East Asians & Diaspora;;;;;
Okonomiyaki Restaurant;55a59bace4b013909087cb18;Japanese Cuisine;Eating out;Family,Friends,Colleagues;;;;;;;East Asians & Diaspora;;;;;
Ramen Restaurant;55a59bace4b013909087cb24;Japanese Cuisine;Eating out;Family,Friends,Colleagues;;;;;;;East Asians & Diaspora;;;;;
Shabu-Shabu Restaurant;55a59bace4b013909087cb15;Japanese Cuisine;Eating out;Family,Friends,Colleagues;;;;;;;East Asians & Diaspora;;;;;
Soba Restaurant;55a59bace4b013909087cb27;Japanese Cuisine;Eating out;Family,Friends,Colleagues;;;;;;;East Asians & Diaspora;;;;;
Sukiyaki Restaurant;55a59bace4b013909087cb12;Japanese Cuisine;Eating out;Family,Friends,Colleagues;;;;;;;East Asians & Diaspora;;;;;
Sushi Restaurant;4bf58dd8d48988d1d2941735;Japanese Cuisine;Eating out;Family,Friends,Colleagues;;;;;;;East Asians & Diaspora;;;;;
Takoyaki Place;55a59bace4b013909087cb2d;Japanese Cuisine;Eating out;Family,Friends,Colleagues;;;;;;;East Asians & Diaspora;;;;;
Tempura Restaurant;55a59a31e4b013909087cb00;Japanese Cuisine;Eating out;Family,Friends,Colleagues;;;;;;;East Asians & Diaspora;;;;;
Tonkatsu Restaurant;55a59af1e4b013909087cb03;Japanese Cuisine;Eating out;Family,Friends,Colleagues;;;;;;;East Asians & Diaspora;;;;;
Udon Restaurant;55a59bace4b013909087cb2a;Japanese Cuisine;Eating out;Family,Friends,Colleagues;;;;;;;East Asians & Diaspora;;;;;
Unagi Restaurant;55a59bace4b013909087cb0f;Japanese Cuisine;Eating out;Family,Friends,Colleagues;;;;;;;East Asians & Diaspora;;;;;
Wagashi Place;55a59bace4b013909087cb33;Japanese Cuisine;Eating out;Family,Friends,Colleagues;;;;;;;East Asians & Diaspora;;;;;
Yakitori Restaurant;55a59bace4b013909087cb09;Japanese Cuisine;Eating out;Family,Friends,Colleagues;;;;;;;East Asians & Diaspora;;;;;
Yoshoku Restaurant;55a59bace4b013909087cb36;Japanese Cuisine;Eating out;Family,Friends,Colleagues;;;;;;;East Asians & Diaspora;;;;;
Korean Restaurant;4bf58dd8d48988d113941735;Korean Cuisine;Eating out;Family,Friends,Colleagues;;;;;;;;;;;;
Bossam/Jokbal Restaurant;56aa371be4b08b9a8d5734e4;Korean Cuisine;Eating out;Family,Friends,Colleagues;;;;;;;East Asians & Diaspora;;;;;
Bunsik Restaurant;56aa371be4b08b9a8d5734f0;Korean Cuisine;Eating out;Family,Friends,Colleagues;;;;;;;East Asians & Diaspora;;;;;
Gukbap Restaurant;56aa371be4b08b9a8d5734e7;Korean Cuisine;Eating out;Family,Friends,Colleagues;;;;;;;East Asians & Diaspora;;;;;
Janguh Restaurant;56aa371be4b08b9a8d5734ed;Korean Cuisine;Eating out;Family,Friends,Colleagues;;;;;;;East Asians & Diaspora;;;;;
Samgyetang Restaurant;56aa371be4b08b9a8d5734ea;Korean Cuisine;Eating out;Family,Friends,Colleagues;;;;;;;East Asians & Diaspora;;;;;
Malay Restaurant;4bf58dd8d48988d156941735;Southeast Asian Cuisine;Eating out;Family,Friends,Colleagues;;;;;;;East Asians & Diaspora;;;;;
Mongolian Restaurant;4eb1d5724b900d56c88a45fe;Southeast Asian Cuisine;Eating out;Family,Friends,Colleagues;;;;;;;East Asians & Diaspora;;;;;
Noodle House;4bf58dd8d48988d1d1941735;Southeast Asian Cuisine;Eating out;Family,Friends,Colleagues;;;;;;;East Asians & Diaspora;;;;;
Satay Restaurant;56aa371be4b08b9a8d57350e;Southeast Asian Cuisine;Eating out;Family,Friends,Colleagues;;;;;;;East Asians & Diaspora;;;;;
Thai Restaurant;4bf58dd8d48988d149941735;Thai Cuisine;Eating out;Family,Friends,Colleagues;;;;;;;East Asians & Diaspora;;;;;
Som Tum Restaurant;56aa371be4b08b9a8d573502;Thai Cuisine;Eating out;Family,Friends,Colleagues;;;;;;;East Asians & Diaspora;;;;;
Tibetan Restaurant;52af39fb3cf9994f4e043be9;Southeast Asian Cuisine;Eating out;Family,Friends,Colleagues;;;;;;;East Asians & Diaspora;;;;;
Vietnamese Restaurant;4bf58dd8d48988d14a941735;Vietnamese Cuisine;Eating out;Family,Friends,Colleagues;;;;;;;Southeast Asians & Pacific Islanders;;;;;
Australian Restaurant;4bf58dd8d48988d169941735;North American Cuisine;Eating out;Family,Friends,Colleagues;;;;;;;;;;;;
Austrian Restaurant;52e81612bcbc57f1066b7a01;Western European Cuisine,German Cuisine;Eating out;Family,Friends,Colleagues;;;;;;;Western Europeans;;;;;
BBQ Joint;4bf58dd8d48988d1df931735;North American Cuisine;Eating out;Family,Friends,Colleagues;;;;;;;;;;;;
Bagel Shop;4bf58dd8d48988d179941735;North American Cuisine;Eating out;Family,Friends,Colleagues;;;;;;;;;;;;
Bakery;4bf58dd8d48988d16a941735;Bakeries;Eating out;Family,Friends,Colleagues;;;;;;;;;;;;
Belgian Restaurant;52e81612bcbc57f1066b7a02;French Cuisine;Eating out;Family,Friends,Colleagues;;;;;;;Western Europeans;;;;;
Bistro;52e81612bcbc57f1066b79f1;French Cuisine;Eating out;Family,Friends,Colleagues;;;;;;;;;;;;
Breakfast Spot;4bf58dd8d48988d143941735;YES;Eating out;Family,Friends,Colleagues;;;;;;;;;;;;
Bubble Tea Shop;52e81612bcbc57f1066b7a0c;YES;Eating out;Family,Friends,Colleagues;;;;;;;;;;;;
Buffet;52e81612bcbc57f1066b79f4;YES;Eating out;Family,Friends,Colleagues;;;;;;;;;;Low;;
Burger Joint;4bf58dd8d48988d16c941735;YES;Eating out;Family,Friends,Colleagues;;;;;;;;;;;;
Cafeteria;4bf58dd8d48988d128941735;YES;Eating out;Family,Friends,Colleagues;;;;;;;;;;;;
Café;4bf58dd8d48988d16d941735;YES;Eating out;Family,Friends,Colleagues;;;;;;;;;;;;
Cajun / Creole Restaurant;4bf58dd8d48988d17a941735;Caribbean Cuisine;Eating out;Family,Friends,Colleagues;;;;;;;Latinos & Latin-Americans;;;;;
Caribbean Restaurant;4bf58dd8d48988d144941735;Caribbean Cuisine;Eating out;Family,Friends,Colleagues;;;;;;;Latinos & Latin-Americans;;;;;
Cuban Restaurant;4bf58dd8d48988d154941735;Caribbean Cuisine;Eating out;Family,Friends,Colleagues;;;;;;;Latinos & Latin-Americans;;;;;
Caucasian Restaurant;5293a7d53cf9994f4e043a45;Eastern European Cuisine;Eating out;Family,Friends,Colleagues;;;;;;;Latinos & Latin-Americans;;;;;
Coffee Shop;4bf58dd8d48988d1e0931735;YES;Eating out;Family,Friends,Colleagues;;;;;;;;;;;;
Comfort Food Restaurant;52e81612bcbc57f1066b7a00;YES;Eating out;Family,Friends,Colleagues;;;;;;;;;;;;
Creperie;52e81612bcbc57f1066b79f2;French Cuisine;Eating out;Family,Friends,Colleagues;;;;;;;Western Europeans;;;;;
Czech Restaurant;52f2ae52bcbc57f1066b8b81;Eastern European Cuisine;Eating out;Family,Friends,Colleagues;;;;;;;Eastern Europeans;;;;;
Deli / Bodega;4bf58dd8d48988d146941735;YES;Eating out;Family,Friends,Colleagues;;;;;;;;;;;;
Dessert Shop;4bf58dd8d48988d1d0941735;YES;Eating out;Family,Friends,Colleagues;;;;;;;;;;;;
Cupcake Shop;4bf58dd8d48988d1bc941735;YES;Eating out;Family,Friends,Colleagues;;;;;;;;;;;;
Frozen Yogurt Shop;512e7cae91d4cbb4e5efe0af;YES;Eating out;Family,Friends,Colleagues;;;;;;;;;;;;
Ice Cream Shop;4bf58dd8d48988d1c9941735;YES;Eating out;Family,Friends,Colleagues;;;;;;;;;;;;
Pastry Shop;5744ccdfe4b0c0459246b4e2;YES;Eating out;Family,Friends,Colleagues;;;;;;;;;;;;
Pie Shop;52e81612bcbc57f1066b7a0a;YES;Eating out;Family,Friends,Colleagues;;;;;;;;;;;;
Diner;4bf58dd8d48988d147941735;North American Cuisine;Eating out;Family,Friends,Colleagues;;;;;;;;;;;;
Donut Shop;4bf58dd8d48988d148941735;YES;Eating out;Family,Friends,Colleagues;;;;;;;;;;;;
Dumpling Restaurant;4bf58dd8d48988d108941735;Chinese Cuisine;Eating out;Family,Friends,Colleagues;;;;;;;;;;;;
Dutch Restaurant;5744ccdfe4b0c0459246b4d0;Western European Cuisine;Eating out;Family,Friends,Colleagues;;;;;;;Western Europeans;;;;;
Eastern European Restaurant;4bf58dd8d48988d109941735;Eastern European Cuisine;Eating out;Family,Friends,Colleagues;;;;;;;Eastern Europeans;;;;;
Belarusian Restaurant;52e928d0bcbc57f1066b7e97;Eastern European Cuisine;Eating out;Family,Friends,Colleagues;;;;;;;Eastern Europeans;;;;;
Bosnian Restaurant;58daa1558bbb0b01f18ec1ee;Eastern European Cuisine;Eating out;Family,Friends,Colleagues;;;;;;;Eastern Europeans;;;;;
Bulgarian Restaurant;56aa371be4b08b9a8d5734f3;Eastern European Cuisine;Eating out;Family,Friends,Colleagues;;;;;;;Eastern Europeans;;;;;
Romanian Restaurant;52960bac3cf9994f4e043ac4;Eastern European Cuisine;Eating out;Family,Friends,Colleagues;;;;;;;Eastern Europeans;;;;;
Tatar Restaurant;52e928d0bcbc57f1066b7e98;Eastern European Cuisine;Eating out;Family,Friends,Colleagues;;;;;;;Eastern Europeans;;;;;
English Restaurant;52e81612bcbc57f1066b7a05;Western European Cuisine;Eating out;Family,Friends,Colleagues;;;;;;;Western Europeans;;;;;
Falafel Restaurant;4bf58dd8d48988d10b941735;Middle Eastern Cuisine;Eating out;Family,Friends,Colleagues;;;;;;;Jewish Culture;;;;;
Fast Food Restaurant;4bf58dd8d48988d16e941735;Western European Cuisine;Eating out;Family,Friends,Colleagues;;;;;;;;;;Low;;
Fish & Chips Shop;4edd64a0c7ddd24ca188df1a;Western European Cuisine;Eating out;Family,Friends,Colleagues;;;;;;;Western Europeans;;;;;
Fondue Restaurant;52e81612bcbc57f1066b7a09;Western European Cuisine;Eating out;Family,Friends,Colleagues;;;;;;;Western Europeans;;;;;
Food Court;4bf58dd8d48988d120951735;Western European Cuisine;Eating out;Family,Friends,Colleagues;;;;;;;;;;Low;;
Food Stand;56aa371be4b08b9a8d57350b;Western European Cuisine;Eating out;Family,Friends,Colleagues;;;;;;;;;;;;
Food Truck;4bf58dd8d48988d1cb941735;Western European Cuisine;Eating out;Family,Friends,Colleagues;;;;;;;;;;Low;;
French Restaurant;4bf58dd8d48988d10c941735;Western European Cuisine,French Cuisine;Eating out;Family,Friends,Colleagues;;;;;;;Western Europeans;;;High;;
Alsatian Restaurant;57558b36e4b065ecebd306b6;Western European Cuisine,French Cuisine;Eating out;Family,Friends,Colleagues;;;;;;;Western Europeans;;;;;
Auvergne Restaurant;57558b36e4b065ecebd306b8;Western European Cuisine,French Cuisine;Eating out;Family,Friends,Colleagues;;;;;;;Western Europeans;;;;;
Basque Restaurant;57558b36e4b065ecebd306bc;Western European Cuisine,French Cuisine;Eating out;Family,Friends,Colleagues;;;;;;;Western Europeans;;;;;
Brasserie;57558b36e4b065ecebd306b0;Western European Cuisine,French Cuisine;Eating out;Family,Friends,Colleagues;;;;;;;Western Europeans;;;;;
Breton Restaurant;57558b36e4b065ecebd306c5;Western European Cuisine,French Cuisine;Eating out;Family,Friends,Colleagues;;;;;;;Western Europeans;;;;;
Burgundian Restaurant;57558b36e4b065ecebd306c0;Western European Cuisine,French Cuisine;Eating out;Family,Friends,Colleagues;;;;;;;Western Europeans;;;;;
Catalan Restaurant;57558b36e4b065ecebd306cb;Western European Cuisine,French Cuisine;Eating out;Family,Friends,Colleagues;;;;;;;Western Europeans;;;;;
Ch'ti Restaurant;57558b36e4b065ecebd306ce;Western European Cuisine,French Cuisine;Eating out;Family,Friends,Colleagues;;;;;;;Western Europeans;;;;;
Corsican Restaurant;57558b36e4b065ecebd306d1;Western European Cuisine,French Cuisine;Eating out;Family,Friends,Colleagues;;;;;;;Western Europeans;;;;;
Estaminet;57558b36e4b065ecebd306b4;Western European Cuisine,French Cuisine;Eating out;Family,Friends,Colleagues;;;;;;;Western Europeans;;;;;
Labour Canteen;57558b36e4b065ecebd306b2;Western European Cuisine,French Cuisine;Eating out;Family,Friends,Colleagues;;;;;;;Western Europeans;;;;;
Lyonese Bouchon;57558b35e4b065ecebd306ad;Western European Cuisine,French Cuisine;Eating out;Family,Friends,Colleagues;;;;;;;Western Europeans;;;;;
Norman Restaurant;57558b36e4b065ecebd306d4;Western European Cuisine,French Cuisine;Eating out;Family,Friends,Colleagues;;;;;;;Western Europeans;;;;;
Provençal Restaurant;57558b36e4b065ecebd306d7;Western European Cuisine,French Cuisine;Eating out;Family,Friends,Colleagues;;;;;;;Western Europeans;;;;;
Savoyard Restaurant;57558b36e4b065ecebd306da;Western European Cuisine,French Cuisine;Eating out;Family,Friends,Colleagues;;;;;;;Western Europeans;;;;;
Southwestern French Restaurant;57558b36e4b065ecebd306ba;Western European Cuisine,French Cuisine;Eating out;Family,Friends,Colleagues;;;;;;;Western Europeans;;;;;
Fried Chicken Joint;4d4ae6fc7a7b7dea34424761;North American Cuisine;Eating out;Family,Friends,Colleagues;;;;;;;;;;;;
Friterie;55d25775498e9f6a0816a37a;Western European Cuisine,French Cuisine;Eating out;Family,Friends,Colleagues;;;;;;;;;;;;
Gastropub;4bf58dd8d48988d155941735;Western European Cuisine;Eating out;Family,Friends,Colleagues;;;;;;;;;;High;;
German Restaurant;4bf58dd8d48988d10d941735;Western European Cuisine,German Cuisine;Eating out;Family,Friends,Colleagues;;;;;;;Western Europeans;;;;;
Apple Wine Pub;56aa371ce4b08b9a8d573583;Western European Cuisine,German Cuisine;Having a drink,Eating out;Family,Friends,Colleagues;;;;;;;Western Europeans;;;;;
Bavarian Restaurant;56aa371ce4b08b9a8d573572;Western European Cuisine,German Cuisine;Eating out;Family,Friends,Colleagues;;;;;;;Western Europeans;;;;;
Bratwurst Joint;56aa371ce4b08b9a8d57358e;Western European Cuisine,German Cuisine;Eating out;Family,Friends,Colleagues;;;;;;;Western Europeans;;;;;
Currywurst Joint;56aa371ce4b08b9a8d57358b;Western European Cuisine,German Cuisine;Eating out;Family,Friends,Colleagues;;;;;;;Western Europeans;;;;;
Franconian Restaurant;56aa371ce4b08b9a8d573574;Western European Cuisine,German Cuisine;Eating out;Family,Friends,Colleagues;;;;;;;Western Europeans;;;;;
German Pop-Up Restaurant;56aa371ce4b08b9a8d573592;Western European Cuisine,German Cuisine;Eating out;Family,Friends,Colleagues;;;;;;;Western Europeans;;;;;
Palatine Restaurant;56aa371ce4b08b9a8d573578;Western European Cuisine,German Cuisine;Eating out;Family,Friends,Colleagues;;;;;;;Western Europeans;;;;;
Rhenisch Restaurant;56aa371ce4b08b9a8d57357b;Western European Cuisine,German Cuisine;Eating out;Family,Friends,Colleagues;;;;;;;Western Europeans;;;;;
Schnitzel Restaurant;56aa371ce4b08b9a8d573587;Western European Cuisine,German Cuisine;Eating out;Family,Friends,Colleagues;;;;;;;Western Europeans;;;;;
Silesian Restaurant;56aa371ce4b08b9a8d57357f;Western European Cuisine,German Cuisine;Eating out;Family,Friends,Colleagues;;;;;;;Western Europeans;;;;;
Swabian Restaurant;56aa371ce4b08b9a8d573576;Western European Cuisine,German Cuisine;Eating out;Family,Friends,Colleagues;;;;;;;Western Europeans;;;;;
Gluten-free Restaurant;4c2cd86ed066bed06c3c5209;YES;Eating out;Family,Friends,Colleagues;;;;;Gluten-free;;;;;;;
Greek Restaurant;4bf58dd8d48988d10e941735;Mediterranean Cuisine,Greek Cuisine;Eating out;Family,Friends,Colleagues;;;;;;;Western Europeans;;;;;
Bougatsa Shop;53d6c1b0e4b02351e88a83e8;Mediterranean Cuisine,Greek Cuisine;Eating out;Family,Friends,Colleagues;;;;;;;Western Europeans;;;;;
Cretan Restaurant;53d6c1b0e4b02351e88a83e2;Mediterranean Cuisine,Greek Cuisine;Eating out;Family,Friends,Colleagues;;;;;;;Western Europeans;;;;;
Fish Taverna;53d6c1b0e4b02351e88a83d8;Mediterranean Cuisine,Greek Cuisine;Eating out;Family,Friends,Colleagues;;;;;;;Western Europeans;;;;;
Grilled Meat Restaurant;53d6c1b0e4b02351e88a83d6;Mediterranean Cuisine,Greek Cuisine;Eating out;Family,Friends,Colleagues;;;;;;;Western Europeans;;;;;
Kafenio;53d6c1b0e4b02351e88a83e6;Mediterranean Cuisine,Greek Cuisine;Eating out;Family,Friends,Colleagues;;;;;;;Western Europeans;;;;;
Magirio;53d6c1b0e4b02351e88a83e4;Mediterranean Cuisine,Greek Cuisine;Eating out;Family,Friends,Colleagues;;;;;;;Western Europeans;;;;;
Meze Restaurant;53d6c1b0e4b02351e88a83da;Mediterranean Cuisine,Greek Cuisine;Eating out;Family,Friends,Colleagues;;;;;;;Western Europeans;;;;;
Modern Greek Restaurant;53d6c1b0e4b02351e88a83d4;Mediterranean Cuisine,Greek Cuisine;Eating out;Family,Friends,Colleagues;;;;;;;Western Europeans;;;;;
Ouzeri;53d6c1b0e4b02351e88a83dc;Mediterranean Cuisine,Greek Cuisine;Eating out;Family,Friends,Colleagues;;;;;;;Western Europeans;;;;;
Patsa Restaurant;53d6c1b0e4b02351e88a83e0;Mediterranean Cuisine,Greek Cuisine;Eating out;Family,Friends,Colleagues;;;;;;;Western Europeans;;;;;
Souvlaki Shop;52e81612bcbc57f1066b79f3;Mediterranean Cuisine,Greek Cuisine;Eating out;Family,Friends,Colleagues;;;;;;;Western Europeans;;;;;
Taverna;53d6c1b0e4b02351e88a83d2;Mediterranean Cuisine,Greek Cuisine;Eating out;Family,Friends,Colleagues;;;;;;;Western Europeans;;;;;
Tsipouro Restaurant;53d6c1b0e4b02351e88a83de;Mediterranean Cuisine,Greek Cuisine;Eating out;Family,Friends,Colleagues;;;;;;;Western Europeans;;;;;
Halal Restaurant;52e81612bcbc57f1066b79ff;Middle Eastern Cuisine;Eating out;Family,Friends,Colleagues;;Islam;;;;;Arabs & Middle Easterners;;;;;
Hawaiian Restaurant;52e81612bcbc57f1066b79fe;North American Cuisine;Eating out;Family,Friends,Colleagues;;;;;;;North Americans;;;;;
Hot Dog Joint;4bf58dd8d48988d16f941735;North American Cuisine;Eating out;Family,Friends,Colleagues;;;;;;;;;;;;
Hungarian Restaurant;52e81612bcbc57f1066b79fa;Western European Cuisine;Eating out;Family,Friends,Colleagues;;;;;;;Western Europeans;;;;;
Indian Restaurant;4bf58dd8d48988d10f941735;South Asian Cuisine,Indian Cuisine;Eating out;Family,Friends,Colleagues;;;;;;;South Asians & Diaspora;;;;;
Andhra Restaurant;54135bf5e4b08f3d2429dfe5;South Asian Cuisine,Indian Cuisine;Eating out;Family,Friends,Colleagues;;;;;;;South Asians & Diaspora;;;;;
Awadhi Restaurant;54135bf5e4b08f3d2429dff3;South Asian Cuisine,Indian Cuisine;Eating out;Family,Friends,Colleagues;;;;;;;South Asians & Diaspora;;;;;
Bengali Restaurant;54135bf5e4b08f3d2429dff5;South Asian Cuisine,Indian Cuisine;Eating out;Family,Friends,Colleagues;;;;;;;South Asians & Diaspora;;;;;
Chaat Place;54135bf5e4b08f3d2429dfe2;South Asian Cuisine,Indian Cuisine;Eating out;Family,Friends,Colleagues;;;;;;;South Asians & Diaspora;;;;;
Chettinad Restaurant;54135bf5e4b08f3d2429dff2;South Asian Cuisine,Indian Cuisine;Eating out;Family,Friends,Colleagues;;;;;;;South Asians & Diaspora;;;;;
Dhaba;54135bf5e4b08f3d2429dfe1;South Asian Cuisine,Indian Cuisine;Eating out;Family,Friends,Colleagues;;;;;;;South Asians & Diaspora;;;;;
Dosa Place;54135bf5e4b08f3d2429dfe3;South Asian Cuisine,Indian Cuisine;Eating out;Family,Friends,Colleagues;;;;;;;South Asians & Diaspora;;;;;
Goan Restaurant;54135bf5e4b08f3d2429dfe8;South Asian Cuisine,Indian Cuisine;Eating out;Family,Friends,Colleagues;;;;;;;South Asians & Diaspora;;;;;
Gujarati Restaurant;54135bf5e4b08f3d2429dfe9;South Asian Cuisine,Indian Cuisine;Eating out;Family,Friends,Colleagues;;;;;;;South Asians & Diaspora;;;;;
Hyderabadi Restaurant;54135bf5e4b08f3d2429dfe6;South Asian Cuisine,Indian Cuisine;Eating out;Family,Friends,Colleagues;;;;;;;South Asians & Diaspora;;;;;
Indian Chinese Restaurant;54135bf5e4b08f3d2429dfdf;South Asian Cuisine,Indian Cuisine;Eating out;Family,Friends,Colleagues;;;;;;;South Asians & Diaspora;;;;;
Indian Sweet Shop;54135bf5e4b08f3d2429dfe4;South Asian Cuisine,Indian Cuisine;Eating out;Family,Friends,Colleagues;;;;;;;South Asians & Diaspora;;;;;
Irani Cafe;54135bf5e4b08f3d2429dfe7;South Asian Cuisine,Indian Cuisine;Eating out;Family,Friends,Colleagues;;;;;;;South Asians & Diaspora;;;;;
Jain Restaurant;54135bf5e4b08f3d2429dfea;South Asian Cuisine,Indian Cuisine;Eating out;Family,Friends,Colleagues;;;;;;;South Asians & Diaspora;;;;;
Karnataka Restaurant;54135bf5e4b08f3d2429dfeb;South Asian Cuisine,Indian Cuisine;Eating out;Family,Friends,Colleagues;;;;;;;South Asians & Diaspora;;;;;
Kerala Restaurant;54135bf5e4b08f3d2429dfed;South Asian Cuisine,Indian Cuisine;Eating out;Family,Friends,Colleagues;;;;;;;South Asians & Diaspora;;;;;
Maharashtrian Restaurant;54135bf5e4b08f3d2429dfee;South Asian Cuisine,Indian Cuisine;Eating out;Family,Friends,Colleagues;;;;;;;South Asians & Diaspora;;;;;
Mughlai Restaurant;54135bf5e4b08f3d2429dff4;South Asian Cuisine,Indian Cuisine;Eating out;Family,Friends,Colleagues;;;;;;;South Asians & Diaspora;;;;;
Multicuisine Indian Restaurant;54135bf5e4b08f3d2429dfe0;South Asian Cuisine,Indian Cuisine;Eating out;Family,Friends,Colleagues;;;;;;;South Asians & Diaspora;;;;;
North Indian Restaurant;54135bf5e4b08f3d2429dfdd;South Asian Cuisine,Indian Cuisine;Eating out;Family,Friends,Colleagues;;;;;;;South Asians & Diaspora;;;;;
Northeast Indian Restaurant;54135bf5e4b08f3d2429dff6;South Asian Cuisine,Indian Cuisine;Eating out;Family,Friends,Colleagues;;;;;;;South Asians & Diaspora;;;;;
Parsi Restaurant;54135bf5e4b08f3d2429dfef;South Asian Cuisine,Indian Cuisine;Eating out;Family,Friends,Colleagues;;;;;;;South Asians & Diaspora;;;;;
Punjabi Restaurant;54135bf5e4b08f3d2429dff0;South Asian Cuisine,Indian Cuisine;Eating out;Family,Friends,Colleagues;;;;;;;South Asians & Diaspora;;;;;
Rajasthani Restaurant;54135bf5e4b08f3d2429dff1;South Asian Cuisine,Indian Cuisine;Eating out;Family,Friends,Colleagues;;;;;;;South Asians & Diaspora;;;;;
South Indian Restaurant;54135bf5e4b08f3d2429dfde;South Asian Cuisine,Indian Cuisine;Eating out;Family,Friends,Colleagues;;;;;;;South Asians & Diaspora;;;;;
Udupi Restaurant;54135bf5e4b08f3d2429dfec;South Asian Cuisine,Indian Cuisine;Eating out;Family,Friends,Colleagues;;;;;;;South Asians & Diaspora;;;;;
Irish Pub;52e81612bcbc57f1066b7a06;Western European Cuisine;Eating out;Family,Friends,Colleagues;;;;;;;Western Europeans;;;;;
Italian Restaurant;4bf58dd8d48988d110941735;Mediterranean Cuisine,Italian Cuisine;Eating out;Family,Friends,Colleagues;;;;;;;Western Europeans;;;;;
Abruzzo Restaurant;55a5a1ebe4b013909087cbb6;Mediterranean Cuisine,Italian Cuisine;Eating out;Family,Friends,Colleagues;;;;;;;Western Europeans;;;;;
Agriturismo;55a5a1ebe4b013909087cb7c;Mediterranean Cuisine,Italian Cuisine;Eating out;Family,Friends,Colleagues;;;;;;;Western Europeans;;;;;
Aosta Restaurant;55a5a1ebe4b013909087cba7;Mediterranean Cuisine,Italian Cuisine;Eating out;Family,Friends,Colleagues;;;;;;;Western Europeans;;;;;
Basilicata Restaurant;55a5a1ebe4b013909087cba1;Mediterranean Cuisine,Italian Cuisine;Eating out;Family,Friends,Colleagues;;;;;;;Western Europeans;;;;;
Calabria Restaurant;55a5a1ebe4b013909087cba4;Mediterranean Cuisine,Italian Cuisine;Eating out;Family,Friends,Colleagues;;;;;;;Western Europeans;;;;;
Campanian Restaurant;55a5a1ebe4b013909087cb95;Mediterranean Cuisine,Italian Cuisine;Eating out;Family,Friends,Colleagues;;;;;;;Western Europeans;;;;;
Emilia Restaurant;55a5a1ebe4b013909087cb89;Mediterranean Cuisine,Italian Cuisine;Eating out;Family,Friends,Colleagues;;;;;;;Western Europeans;;;;;
Friuli Restaurant;55a5a1ebe4b013909087cb9b;Mediterranean Cuisine,Italian Cuisine;Eating out;Family,Friends,Colleagues;;;;;;;Western Europeans;;;;;
Ligurian Restaurant;55a5a1ebe4b013909087cb98;Mediterranean Cuisine,Italian Cuisine;Eating out;Family,Friends,Colleagues;;;;;;;Western Europeans;;;;;
Lombard Restaurant;55a5a1ebe4b013909087cbbf;Mediterranean Cuisine,Italian Cuisine;Eating out;Family,Friends,Colleagues;;;;;;;Western Europeans;;;;;
Malga;55a5a1ebe4b013909087cb79;Mediterranean Cuisine,Italian Cuisine;Eating out;Family,Friends,Colleagues;;;;;;;Western Europeans;;;;;
Marche Restaurant;55a5a1ebe4b013909087cbb0;Mediterranean Cuisine,Italian Cuisine;Eating out;Family,Friends,Colleagues;;;;;;;Western Europeans;;;;;
Molise Restaurant;55a5a1ebe4b013909087cbb3;Mediterranean Cuisine,Italian Cuisine;Eating out;Family,Friends,Colleagues;;;;;;;Western Europeans;;;;;
Piadineria;55a5a1ebe4b013909087cb74;Mediterranean Cuisine,Italian Cuisine;Eating out;Family,Friends,Colleagues;;;;;;;Western Europeans;;;;;
Piedmontese Restaurant;55a5a1ebe4b013909087cbaa;Mediterranean Cuisine,Italian Cuisine;Eating out;Family,Friends,Colleagues;;;;;;;Western Europeans;;;;;
Puglia Restaurant;55a5a1ebe4b013909087cb83;Mediterranean Cuisine,Italian Cuisine;Eating out;Family,Friends,Colleagues;;;;;;;Western Europeans;;;;;
Romagna Restaurant;55a5a1ebe4b013909087cb8c;Mediterranean Cuisine,Italian Cuisine;Eating out;Family,Friends,Colleagues;;;;;;;Western Europeans;;;;;
Roman Restaurant;55a5a1ebe4b013909087cb92;Mediterranean Cuisine,Italian Cuisine;Eating out;Family,Friends,Colleagues;;;;;;;Western Europeans;;;;;
Sardinian Restaurant;55a5a1ebe4b013909087cb8f;Mediterranean Cuisine,Italian Cuisine;Eating out;Family,Friends,Colleagues;;;;;;;Western Europeans;;;;;
Sicilian Restaurant;55a5a1ebe4b013909087cb86;Mediterranean Cuisine,Italian Cuisine;Eating out;Family,Friends,Colleagues;;;;;;;Western Europeans;;;;;
South Tyrolean Restaurant;55a5a1ebe4b013909087cbb9;Mediterranean Cuisine,Italian Cuisine;Eating out;Family,Friends,Colleagues;;;;;;;Western Europeans;;;;;
Trattoria/Osteria;55a5a1ebe4b013909087cb7f;Mediterranean Cuisine,Italian Cuisine;Eating out;Family,Friends,Colleagues;;;;;;;Western Europeans;;;;;
Trentino Restaurant;55a5a1ebe4b013909087cbbc;Mediterranean Cuisine,Italian Cuisine;Eating out;Family,Friends,Colleagues;;;;;;;Western Europeans;;;;;
Tuscan Restaurant;55a5a1ebe4b013909087cb9e;Mediterranean Cuisine,Italian Cuisine;Eating out;Family,Friends,Colleagues;;;;;;;Western Europeans;;;;;
Umbrian Restaurant;55a5a1ebe4b013909087cbc2;Mediterranean Cuisine,Italian Cuisine;Eating out;Family,Friends,Colleagues;;;;;;;Western Europeans;;;;;
Veneto Restaurant;55a5a1ebe4b013909087cbad;Mediterranean Cuisine,Italian Cuisine;Eating out;Family,Friends,Colleagues;;;;;;;Western Europeans;;;;;
Jewish Restaurant;52e81612bcbc57f1066b79fd;Middle Eastern Cuisine;Eating out;Family,Friends,Colleagues;;Judaism;;;;;Jewish Culture;;;;;
Kosher Restaurant;52e81612bcbc57f1066b79fc;Middle Eastern Cuisine;Eating out;Family,Friends,Colleagues;;Judaism;;;;;Jewish Culture;;;;;
Juice Bar;4bf58dd8d48988d112941735;YES;Having a drink;Family,Friends,Colleagues;;;;;;;;;;;;
Kebab Restaurant;5283c7b4e4b094cb91ec88d7;Middle Eastern Cuisine,Greek Cuisine,Mediterranean Cuisine;Eating out;Family,Friends,Colleagues;;;;;;;Latinos & Latin-Americans;;;;;
Latin American Restaurant;4bf58dd8d48988d1be941735;Latin American Cuisine;Eating out;Family,Friends,Colleagues;;;;;;;Latinos & Latin-Americans;;;;;
Arepa Restaurant;4bf58dd8d48988d152941735;Latin American Cuisine;Eating out;Family,Friends,Colleagues;;;;;;;Latinos & Latin-Americans;;;;;
Empanada Restaurant;52939a8c3cf9994f4e043a35;Latin American Cuisine;Eating out;Family,Friends,Colleagues;;;;;;;Latinos & Latin-Americans;;;;;
Salvadoran Restaurant;5745c7ac498e5d0483112fdb;Latin American Cuisine;Eating out;Family,Friends,Colleagues;;;;;;;Latinos & Latin-Americans;;;;;
South American Restaurant;4bf58dd8d48988d1cd941735;South American Cuisine,Latin American Cuisine;Eating out;Family,Friends,Colleagues;;;;;;;Latinos & Latin-Americans;;;;;
Argentinian Restaurant;4bf58dd8d48988d107941735;South American Cuisine,Latin American Cuisine;Eating out;Family,Friends,Colleagues;;;;;;;Latinos & Latin-Americans;;;;;
Brazilian Restaurant;4bf58dd8d48988d16b941735;South American Cuisine,Latin American Cuisine;Eating out;Family,Friends,Colleagues;;;;;;;Latinos & Latin-Americans;;;;;
Acai House;5294c7523cf9994f4e043a62;South American Cuisine,Latin American Cuisine;Eating out;Family,Friends,Colleagues;;;;;;;Latinos & Latin-Americans;;;;;
Baiano Restaurant;52939ae13cf9994f4e043a3b;South American Cuisine,Latin American Cuisine;Eating out;Family,Friends,Colleagues;;;;;;;Latinos & Latin-Americans;;;;;
Central Brazilian Restaurant;52939a9e3cf9994f4e043a36;South American Cuisine,Latin American Cuisine;Eating out;Family,Friends,Colleagues;;;;;;;Latinos & Latin-Americans;;;;;
Churrascaria;52939a643cf9994f4e043a33;South American Cuisine,Latin American Cuisine;Eating out;Family,Friends,Colleagues;;;;;;;Latinos & Latin-Americans;;;;;
Empada House;5294c55c3cf9994f4e043a61;South American Cuisine,Latin American Cuisine;Eating out;Family,Friends,Colleagues;;;;;;;Latinos & Latin-Americans;;;;;
Goiano Restaurant;52939af83cf9994f4e043a3d;South American Cuisine,Latin American Cuisine;Eating out;Family,Friends,Colleagues;;;;;;;Latinos & Latin-Americans;;;;;
Mineiro Restaurant;52939aed3cf9994f4e043a3c;South American Cuisine,Latin American Cuisine;Eating out;Family,Friends,Colleagues;;;;;;;Latinos & Latin-Americans;;;;;
Northeastern Brazilian Restaurant;52939aae3cf9994f4e043a37;South American Cuisine,Latin American Cuisine;Eating out;Family,Friends,Colleagues;;;;;;;Latinos & Latin-Americans;;;;;
Northern Brazilian Restaurant;52939ab93cf9994f4e043a38;South American Cuisine,Latin American Cuisine;Eating out;Family,Friends,Colleagues;;;;;;;Latinos & Latin-Americans;;;;;
Pastelaria;5294cbda3cf9994f4e043a63;South American Cuisine,Latin American Cuisine;Eating out;Family,Friends,Colleagues;;;;;;;Latinos & Latin-Americans;;;;;
Southeastern Brazilian Restaurant;52939ac53cf9994f4e043a39;South American Cuisine,Latin American Cuisine;Eating out;Family,Friends,Colleagues;;;;;;;Latinos & Latin-Americans;;;;;
Southern Brazilian Restaurant;52939ad03cf9994f4e043a3a;South American Cuisine,Latin American Cuisine;Eating out;Family,Friends,Colleagues;;;;;;;Latinos & Latin-Americans;;;;;
Tapiocaria;52939a7d3cf9994f4e043a34;South American Cuisine,Latin American Cuisine;Eating out;Family,Friends,Colleagues;;;;;;;Latinos & Latin-Americans;;;;;
Colombian Restaurant;58daa1558bbb0b01f18ec1f4;South American Cuisine,Latin American Cuisine;Eating out;Family,Friends,Colleagues;;;;;;;Latinos & Latin-Americans;;;;;
Peruvian Restaurant;4eb1bfa43b7b52c0e1adc2e8;South American Cuisine,Latin American Cuisine;Eating out;Family,Friends,Colleagues;;;;;;;Latinos & Latin-Americans;;;;;
Venezuelan Restaurant;56aa371be4b08b9a8d573558;South American Cuisine,Latin American Cuisine;Eating out;Family,Friends,Colleagues;;;;;;;Latinos & Latin-Americans;;;;;
Mac & Cheese Joint;4bf58dd8d48988d1bf941735;North American Cuisine;Eating out;Family,Friends,Colleagues;;;;;;;;;;;;
Mediterranean Restaurant;4bf58dd8d48988d1c0941735;Mediterranean Cuisine;Eating out;Family,Friends,Colleagues;;;;;;;Western Europeans;;;;;
Moroccan Restaurant;4bf58dd8d48988d1c3941735;Mediterranean Cuisine;Eating out;Family,Friends,Colleagues;;;;;;;Arabs & Middle Easterners;;;;;
Mexican Restaurant;4bf58dd8d48988d1c1941735;South American Cuisine,Mexican Cuisine;Eating out;Family,Friends,Colleagues;;;;;;;Latinos & Latin-Americans;;;;;
Botanero;58daa1558bbb0b01f18ec1d9;South American Cuisine,Mexican Cuisine;Eating out;Family,Friends,Colleagues;;;;;;;Latinos & Latin-Americans;;;;;
Burrito Place;4bf58dd8d48988d153941735;South American Cuisine,Mexican Cuisine;Eating out;Family,Friends,Colleagues;;;;;;;Latinos & Latin-Americans;;;;;
Taco Place;4bf58dd8d48988d151941735;South American Cuisine,Mexican Cuisine;Eating out;Family,Friends,Colleagues;;;;;;;Latinos & Latin-Americans;;;;;
Tex-Mex Restaurant;56aa371ae4b08b9a8d5734ba;South American Cuisine,Mexican Cuisine;Eating out;Family,Friends,Colleagues;;;;;;;Latinos & Latin-Americans;;;;;
Yucatecan Restaurant;5744ccdfe4b0c0459246b4d3;South American Cuisine,Mexican Cuisine;Eating out;Family,Friends,Colleagues;;;;;;;Latinos & Latin-Americans;;;;;
Middle Eastern Restaurant;4bf58dd8d48988d115941735;Middle Eastern Cuisine;Eating out;Family,Friends,Colleagues;;;;;;;Eastern Europeans;;;;;
Israeli Restaurant;56aa371be4b08b9a8d573529;Middle Eastern Cuisine;Eating out;Family,Friends,Colleagues;;;;;;;Jewish Culture;;;;;
Kurdish Restaurant;5744ccdfe4b0c0459246b4ca;Middle Eastern Cuisine;Eating out;Family,Friends,Colleagues;;;;;;;Arabs & Middle Easterners;;;;;
Lebanese Restaurant;58daa1558bbb0b01f18ec1cd;Middle Eastern Cuisine;Eating out;Family,Friends,Colleagues;;;;;;;Arabs & Middle Easterners;;;;;
Persian Restaurant;52e81612bcbc57f1066b79f7;Middle Eastern Cuisine;Eating out;Family,Friends,Colleagues;;;;;;;Arabs & Middle Easterners;;;;;
Ash and Haleem Place;58daa1558bbb0b01f18ec1bc;Middle Eastern Cuisine;Eating out;Family,Friends,Colleagues;;;;;;;Arabs & Middle Easterners;;;;;
Dizi Place;58daa1558bbb0b01f18ec1c0;Middle Eastern Cuisine;Eating out;Family,Friends,Colleagues;;;;;;;Arabs & Middle Easterners;;;;;
Gilaki Restaurant;58daa1558bbb0b01f18ec1c4;Middle Eastern Cuisine;Eating out;Family,Friends,Colleagues;;;;;;;Arabs & Middle Easterners;;;;;
Jegaraki;58daa1558bbb0b01f18ec1c7;Middle Eastern Cuisine;Eating out;Family,Friends,Colleagues;;;;;;;Arabs & Middle Easterners;;;;;
Tabbakhi;5744ccdfe4b0c0459246b4a8;Middle Eastern Cuisine;Eating out;Family,Friends,Colleagues;;;;;;;Arabs & Middle Easterners;;;;;
Modern European Restaurant;52e81612bcbc57f1066b79f9;Western European Cuisine;Eating out;Family,Friends,Colleagues;;;;;;;Western Europeans;;;;;
Molecular Gastronomy Restaurant;4bf58dd8d48988d1c2941735;Western European Cuisine;Eating out;Family,Friends,Colleagues;;;;;;;;;;High;;
Pakistani Restaurant;52e81612bcbc57f1066b79f8;Middle Eastern Cuisine;Eating out;Family,Friends,Colleagues;;;;;;;Arabs & Middle Easterners;;;;;
Pet Café;56aa371be4b08b9a8d573508;YES;Eating out;Family,Friends,Colleagues;;;;;;;;;;;;
Pizza Place;4bf58dd8d48988d1ca941735;Italian Cuisine;Eating out;Family,Friends,Colleagues;;;;;;;;;;;;
Polish Restaurant;52e81612bcbc57f1066b7a04;Eastern European Cuisine;Eating out;Family,Friends,Colleagues;;;;;;;Eastern Europeans;;;;;
Portuguese Restaurant;4def73e84765ae376e57713a;Western European Cuisine;Eating out;Family,Friends,Colleagues;;;;;;;Western Europeans;;;;;
Poutine Place;56aa371be4b08b9a8d5734c7;North American Cuisine;Eating out;Family,Friends,Colleagues;;;;;;;North Americans;;;;;
Restaurant;4bf58dd8d48988d1c4941735;YES;Eating out;Family,Friends,Colleagues;;;;;;;;;;;;
Russian Restaurant;5293a7563cf9994f4e043a44;Eastern European Cuisine;Eating out;Family,Friends,Colleagues;;;;;;;Eastern Europeans;;;;;
Blini House;52e928d0bcbc57f1066b7e9d;Eastern European Cuisine;Eating out;Family,Friends,Colleagues;;;;;;;Eastern Europeans;;;;;
Pelmeni House;52e928d0bcbc57f1066b7e9c;Eastern European Cuisine;Eating out;Family,Friends,Colleagues;;;;;;;Eastern Europeans;;;;;
Salad Place;4bf58dd8d48988d1bd941735;YES;Eating out;Family,Friends,Colleagues;;;;;;;;;;;;
Sandwich Place;4bf58dd8d48988d1c5941735;YES;Eating out;Family,Friends,Colleagues;;;;;Vegetarian;;;;;;;
Scandinavian Restaurant;4bf58dd8d48988d1c6941735;Western European Cuisine;Eating out;Family,Friends,Colleagues;;;;;;;Western Europeans;;;;;
Scottish Restaurant;5744ccdde4b0c0459246b4a3;Western European Cuisine;Eating out;Family,Friends,Colleagues;;;;;;;Western Europeans;;;;;
Seafood Restaurant;4bf58dd8d48988d1ce941735;YES;Eating out;Family,Friends,Colleagues;;;;;;;;;;High;;
Slovak Restaurant;56aa371be4b08b9a8d57355a;Eastern European Cuisine;Eating out;Family,Friends,Colleagues;;;;;;;Eastern Europeans;;;;;
Snack Place;4bf58dd8d48988d1c7941735;YES;Eating out;Family,Friends,Colleagues;;;;;;;;;;;;
Soup Place;4bf58dd8d48988d1dd931735;YES;Eating out;Family,Friends,Colleagues;;;;;;;;;;;;
Southern / Soul Food Restaurant;4bf58dd8d48988d14f941735;North American Cuisine;Eating out;Family,Friends,Colleagues;;;;;;;Western Europeans;;;;;
Spanish Restaurant;4bf58dd8d48988d150941735;Mediterranean Cuisine,Spanish Cuisine;Eating out;Family,Friends,Colleagues;;;;;;;Western Europeans;;;;;
Paella Restaurant;4bf58dd8d48988d14d941735;Mediterranean Cuisine,Spanish Cuisine;Eating out;Family,Friends,Colleagues;;;;;;;Western Europeans;;;;;
Tapas Restaurant;4bf58dd8d48988d1db931735;Mediterranean Cuisine,Spanish Cuisine;Eating out;Family,Friends,Colleagues;;;;;;;Western Europeans;;;;;
Sri Lankan Restaurant;5413605de4b0ae91d18581a9;South Asian Cuisine;Eating out;Family,Friends,Colleagues;;;;;;;South Asians & Diaspora;;;;;
Steakhouse;4bf58dd8d48988d1cc941735;North American Cuisine;Eating out;Family,Friends,Colleagues;;;;;;;;;;;;
Swiss Restaurant;4bf58dd8d48988d158941735;Western European Cuisine;Eating out;Family,Friends,Colleagues;;;;;;;Western Europeans;;;;;
Tea Room;4bf58dd8d48988d1dc931735;YES;Eating out;Family,Friends,Colleagues;;;;;;;;;;;;
Theme Restaurant;56aa371be4b08b9a8d573538;YES;Eating out;Family,Friends,Colleagues;;;;;;;;;;;;
Truck Stop;57558b36e4b065ecebd306dd;YES;Eating out;Family,Friends,Colleagues;;;;;;;;;;;;
Turkish Restaurant;4f04af1f2fb6e1c99f3db0bb;Middle Eastern Cuisine;Eating out;Family,Friends,Colleagues;;;;;;;Arabs & Middle Easterners;;;;;
Borek Place;530faca9bcbc57f1066bc2f3;Middle Eastern Cuisine;Eating out;Family,Friends,Colleagues;;;;;;;Arabs & Middle Easterners;;;;;
Cigkofte Place;530faca9bcbc57f1066bc2f4;Middle Eastern Cuisine;Eating out;Family,Friends,Colleagues;;;;;;;Arabs & Middle Easterners;;;;;
Doner Restaurant;5283c7b4e4b094cb91ec88d8;Middle Eastern Cuisine;Eating out;Family,Friends,Colleagues;;;;;;;Arabs & Middle Easterners;;;;;
Gozleme Place;5283c7b4e4b094cb91ec88d9;Middle Eastern Cuisine;Eating out;Family,Friends,Colleagues;;;;;;;Arabs & Middle Easterners;;;;;
Kofte Place;5283c7b4e4b094cb91ec88db;Middle Eastern Cuisine;Eating out;Family,Friends,Colleagues;;;;;;;Arabs & Middle Easterners;;;;;
Kokoreç Restaurant;5283c7b4e4b094cb91ec88d6;Middle Eastern Cuisine;Eating out;Family,Friends,Colleagues;;;;;;;Arabs & Middle Easterners;;;;;
Kumpir Restaurant;56aa371be4b08b9a8d573535;Middle Eastern Cuisine;Eating out;Family,Friends,Colleagues;;;;;;;Arabs & Middle Easterners;;;;;
Kumru Restaurant;56aa371be4b08b9a8d5734bd;Middle Eastern Cuisine;Eating out;Family,Friends,Colleagues;;;;;;;Arabs & Middle Easterners;;;;;
Manti Place;5283c7b4e4b094cb91ec88d5;Middle Eastern Cuisine;Eating out;Family,Friends,Colleagues;;;;;;;Arabs & Middle Easterners;;;;;
Meyhane;5283c7b4e4b094cb91ec88da;Middle Eastern Cuisine;Eating out;Family,Friends,Colleagues;;;;;;;Arabs & Middle Easterners;;;;;
Pide Place;530faca9bcbc57f1066bc2f2;Middle Eastern Cuisine;Eating out;Family,Friends,Colleagues;;;;;;;Arabs & Middle Easterners;;;;;
Pilavcı;58daa1558bbb0b01f18ec1df;Middle Eastern Cuisine;Eating out;Family,Friends,Colleagues;;;;;;;Arabs & Middle Easterners;;;;;
Söğüş Place;58daa1558bbb0b01f18ec1dc;Middle Eastern Cuisine;Eating out;Family,Friends,Colleagues;;;;;;;Arabs & Middle Easterners;;;;;
Tantuni Restaurant;56aa371be4b08b9a8d5734bf;Middle Eastern Cuisine;Eating out;Family,Friends,Colleagues;;;;;;;Arabs & Middle Easterners;;;;;
Turkish Coffeehouse;56aa371be4b08b9a8d5734c1;Middle Eastern Cuisine;Eating out;Family,Friends,Colleagues;;;;;;;Arabs & Middle Easterners;;;;;
Turkish Home Cooking Restaurant;5283c7b4e4b094cb91ec88d4;Middle Eastern Cuisine;Eating out;Family,Friends,Colleagues;;;;;;;Arabs & Middle Easterners;;;;;
Çöp Şiş Place;58daa1558bbb0b01f18ec1e2;Middle Eastern Cuisine;Eating out;Family,Friends,Colleagues;;;;;;;Arabs & Middle Easterners;;;;;
Ukrainian Restaurant;52e928d0bcbc57f1066b7e96;Eastern European Cuisine;Eating out;Family,Friends,Colleagues;;;;;;;Arabs & Middle Easterners;;;;;
Varenyky restaurant;52e928d0bcbc57f1066b7e9a;Eastern European Cuisine;Eating out;Family,Friends,Colleagues;;;;;;;Arabs & Middle Easterners;;;;;
West-Ukrainian Restaurant;52e928d0bcbc57f1066b7e9b;Eastern European Cuisine;Eating out;Family,Friends,Colleagues;;;;;;;Arabs & Middle Easterners;;;;;
Vegetarian / Vegan Restaurant;4bf58dd8d48988d1d3941735;YES;Eating out;Family,Friends,Colleagues;;Islam;;;Vegetarian;;;;;;;
Wings Joint;4bf58dd8d48988d14c941735;North American Cuisine;Eating out;Family,Friends,Colleagues;;;;;;;;;;;;
Bar;4bf58dd8d48988d116941735;Liquor,Wine,Beer,Cocktails;Having a drink;Friends;;;;;;;;;;;;
Beach Bar;52e81612bcbc57f1066b7a0d;Liquor,Beer,Cocktails;Having a drink,Tourism;Friends;;;;;;;;;;;;
Beer Bar;56aa371ce4b08b9a8d57356c;Beer;Having a drink;Friends;;;;;;;;;;;;
Beer Garden;4bf58dd8d48988d117941735;Beer;Having a drink;Friends;;;;;;;;;;;;
Champagne Bar;52e81612bcbc57f1066b7a0e;Wine,Cocktails;Having a drink;Friends;;;;;;;;;;High;;
Cocktail Bar;4bf58dd8d48988d11e941735;Wine,Cocktails;Having a drink;Friends;;;;;;;;;;High;;
Dive Bar;4bf58dd8d48988d118941735;Liquor,Wine,Beer,Cocktails;Having a drink;Friends;;;;;;;;;;;;
Gay Bar;4bf58dd8d48988d1d8941735;Liquor,Wine,Beer,Cocktails;Having a drink;Friends;;;;;;;;Gay;;;;
Hookah Bar;4bf58dd8d48988d119941735;Liquor,Wine,Beer,Cocktails;Having a drink;Friends;;;;;;;;;;;;
Hotel Bar;4bf58dd8d48988d1d5941735;Liquor,Wine,Beer,Cocktails;Having a drink;Friends;;;;;;;;;;High;;
Karaoke Bar;4bf58dd8d48988d120941735;Liquor,Wine,Beer,Cocktails;Having a drink;Friends;;;;;;;;;;;;
Pub;4bf58dd8d48988d11b941735;Liquor,Wine,Beer,Cocktails;Eating out,Having a drink;Friends;;;;;;;;;;;;
Sake Bar;4bf58dd8d48988d11c941735;Liquor,Wine,Beer,Cocktails;Having a drink;Friends;;;;;;;;;;;;
Speakeasy;4bf58dd8d48988d1d4941735;Liquor,Wine,Beer,Cocktails;Having a drink;Friends;;;;;;;;;;High;;
Sports Bar;4bf58dd8d48988d11d941735;Liquor,Wine,Beer,Cocktails;Having a drink;Friends;;;;;;;;;;;;
Tiki Bar;56aa371be4b08b9a8d57354d;Liquor,Wine,Beer,Cocktails;Having a drink;Friends;;;;;;;;;;;;
Whisky Bar;4bf58dd8d48988d122941735;Liquor,Wine,Beer,Cocktails;Having a drink;Friends;;;;;;;;;;High;;
Wine Bar;4bf58dd8d48988d123941735;Wine;Having a drink;Friends;;;;;;;;;;High;;
Brewery;50327c8591d4c4b30a586d5d;Beer;Having a drink;Friends;;;;;;;;;;;;
Lounge;4bf58dd8d48988d121941735;Liquor,Wine,Beer,Cocktails;Having a drink;Friends;;;;;;;;;;;;
Night Market;53e510b7498ebcb1801b55d4;YES;Having a drink;Friends;;;;;;;;;;;;
Nightclub;4bf58dd8d48988d11f941735;YES;Having a drink;Friends;;;;;;;;;;;;
Other Nightlife;4bf58dd8d48988d11a941735;YES;Having a drink;Friends;;;;;;;;;;;;
Strip Club;4bf58dd8d48988d1d6941735;YES;Having a drink,Entertainment;Friends;;;;;;;;;;;;
Athletics & Sports;4f4528bc4b90abdf24c9de85;YES;Sports,Entertainment;Friends;;;;;;;;;;;;
Badminton Court;52e81612bcbc57f1066b7a2b;YES;Sports,Entertainment;Friends;Sports;;;;;;;;;;;
Baseball Field;4bf58dd8d48988d1e8941735;YES;Sports,Entertainment;Friends;Sports;;;;;;;;;;;
Basketball Court;4bf58dd8d48988d1e1941735;YES;Sports,Entertainment;Friends;Sports;;;;;;;;;;;
Bowling Green;52e81612bcbc57f1066b7a2f;YES;Sports,Entertainment;Friends;Sports;;;;;;;;;;;
Curling Ice;56aa371be4b08b9a8d57351a;YES;Sports,Entertainment;Friends;Sports;;;;;;;;;;;
Golf Course;4bf58dd8d48988d1e6941735;YES;Sports,Entertainment;Friends;Sports;;;;;;;;;High;;
Golf Driving Range;58daa1558bbb0b01f18ec1b0;YES;Sports,Entertainment;Friends;Sports;;;;;;;;;High;;
Gym / Fitness Center;4bf58dd8d48988d175941735;YES;Sports,Entertainment;Friends;Sports;;;;;;;;;;;
Boxing Gym;52f2ab2ebcbc57f1066b8b47;YES;Sports,Entertainment;Friends;Sports;;;;;;;;;;;
Climbing Gym;503289d391d4c4b30a586d6a;YES;Sports,Entertainment;Friends;Sports;;;;;;;;;;;
Cycle Studio;52f2ab2ebcbc57f1066b8b49;YES;Sports,Entertainment;Friends;Sports;;;;;;;;;;;
Gym Pool;4bf58dd8d48988d105941735;YES;Sports,Entertainment;Friends;Swimming;;;;;;;;;;;
Gymnastics Gym;52f2ab2ebcbc57f1066b8b48;YES;Sports,Entertainment;Friends;;;;;;;;;;;;
Gym;4bf58dd8d48988d176941735;YES;Sports,Entertainment;Friends;;;;;;;;;;;;
Martial Arts Dojo;4bf58dd8d48988d101941735;YES;Sports,Entertainment;Friends;Martial arts;;;;;;;;;;;
Outdoor Gym;58daa1558bbb0b01f18ec203;YES;Sports,Entertainment;Friends;;;;;;;;;;;;
Pilates Studio;5744ccdfe4b0c0459246b4b2;YES;Sports,Entertainment;Friends;;;;;;;;;;;;
Track;4bf58dd8d48988d106941735;YES;Sports,Entertainment;Friends;;;;;;;;;;;;
Weight Loss Center;590a0744340a5803fd8508c3;YES;Sports,Entertainment;Friends;;;;;;;;;;;;
Yoga Studio;4bf58dd8d48988d102941735;YES;Sports,Entertainment;Friends;Yoga;;;;;;;;;;;
Hockey Field;4f452cd44b9081a197eba860;YES;Sports,Entertainment;Friends;Sports;;;;;;;;;;;
Hockey Rink;56aa371be4b08b9a8d57352c;YES;Sports,Entertainment;Friends;Sports;;;;;;;;;;;
Paintball Field;5032829591d4c4b30a586d5e;YES;Sports,Entertainment;Friends;Sports;;;;;;;;;;;
Rugby Pitch;52e81612bcbc57f1066b7a2c;YES;Sports,Entertainment;Friends;Sports;;;;;;;;;;;
Skate Park;4bf58dd8d48988d167941735;YES;Sports,Entertainment;Friends;Sports;;;;;;;;;;;
Skating Rink;4bf58dd8d48988d168941735;YES;Sports,Entertainment;Friends;Sports;;;;;;;;;;;
Soccer Field;4cce455aebf7b749d5e191f5;YES;Sports,Entertainment;Friends;Sports;;;;;;;;;;;
Sports Club;52e81612bcbc57f1066b7a2e;YES;Sports,Entertainment;Friends;Sports;;;;;;;;;;;
Squash Court;52e81612bcbc57f1066b7a2d;YES;Sports,Entertainment;Friends;Sports;;;;;;;;;;;
Tennis Court;4e39a956bd410d7aed40cbc3;YES;Sports,Entertainment;Friends;Sports;;;;;;;;;;;
Volleyball Court;4eb1bf013b7b6f98df247e07;YES;Sports,Entertainment;Friends;Sports;;;;;;;;;;;
Bathing Area;52e81612bcbc57f1066b7a28;YES;Sports,Entertainment;Friends;;;;;;;;;;;;
Bay;56aa371be4b08b9a8d573544;YES;Sports,Entertainment;Friends;;;;;;;;;;;;
Beach;4bf58dd8d48988d1e2941735;YES;Sports,Entertainment;Family,Friends;;;;;;;;;;;;
Nudist Beach;52e81612bcbc57f1066b7a30;YES;Entertainment,Tourism;Family,Friends;;;;;;;;;;;;
Surf Spot;4bf58dd8d48988d1e3941735;YES;Sports,Tourism;Friends;;;;;;;;;;;;
Bike Trail;56aa371be4b08b9a8d57355e;YES;Sports,Entertainment;Friends;;;;;;;;;;;;
Botanical Garden;52e81612bcbc57f1066b7a22;YES;Tourism;;;;;;;;;;;;;
Bridge;4bf58dd8d48988d1df941735;YES;;;;;;;;;;;;;;
Campground;4bf58dd8d48988d1e4941735;YES;Tourism;Family,Friends;;;;;;;;;;Low;;
Canal Lock;56aa371be4b08b9a8d57353b;;;;;;;;;;;;;;;
Canal;56aa371be4b08b9a8d573562;YES;Tourism;;;;;;;;;;;;;
Castle;50aaa49e4b90af0d42d5de11;YES;Tourism;;;;;;;;;;;;;
Cave;56aa371be4b08b9a8d573511;YES;Tourism;;;;;;;;;;;;;
Cemetery;4bf58dd8d48988d15c941735;YES;Tourism;;;;;;;;;;;;;
Dive Spot;52e81612bcbc57f1066b7a12;YES;Sports,Entertainment,Tourism;Family,Friends;Diving;;;;;;;;;;;
Dog Run;4bf58dd8d48988d1e5941735;YES;;Family,Friends;;;;Horse & Dog Racing;;;;;;;;
Farm;4bf58dd8d48988d15b941735;YES;Tourism;;;;;;;;;;;;;
Field;4bf58dd8d48988d15f941735;YES;;;;;;;;;;;;;;
Fishing Spot;52e81612bcbc57f1066b7a0f;YES;Sports,Entertainment;;Fishing;;;;;;;;;;;
Forest;52e81612bcbc57f1066b7a23;YES;Sports,Tourism;;;;;;;;;;;;;
Fountain;56aa371be4b08b9a8d573547;YES;;;;;;;;;;;;;;
Garden;4bf58dd8d48988d15a941735;YES;Tourism;;;;;;;;;;;;;
Gun Range;52e81612bcbc57f1066b7a11;YES;Entertainment,Sports;;;;;;;;;;;;;
Harbor / Marina;4bf58dd8d48988d1e0941735;YES;Tourism,Sports;;;;;;;Boats & Watercraft;;;;;;
Hot Spring;4bf58dd8d48988d160941735;YES;Tourism;;;;;;;;;;;;;
Indoor Play Area;5744ccdfe4b0c0459246b4b5;YES;Entertainment;Family,Friends;;;;;;;;;;;Children;
Island;50aaa4314b90af0d42d5de10;YES;Tourism;;;;;;;;;;;;;
Lake;4bf58dd8d48988d161941735;YES;Tourism;;;;;;;;;;;;;
Lighthouse;4bf58dd8d48988d15d941735;YES;Tourism;;;;;;;;;;;;;
Mountain Hut;55a5a1ebe4b013909087cb77;YES;Tourism,Sports;;;;;;;;;;;;;
Mountain;4eb1d4d54b900d56c88a45fc;YES;Tourism,Sports;;;;;;;;;;;;;
National Park;52e81612bcbc57f1066b7a21;YES;Tourism,Sports;;;;;;;;;;;;;
Nature Preserve;52e81612bcbc57f1066b7a13;YES;Tourism,Sports;;;;;;;;;;;;;
Other Great Outdoors;4bf58dd8d48988d162941735;YES;Tourism,Sports;;;;;;;;;;;;;
Palace;52e81612bcbc57f1066b7a14;YES;Tourism;;;;;;;;;;;;;
Park;4bf58dd8d48988d163941735;YES;Tourism;;;;;;;;;;;;;
Hotel;4bf58dd8d48988d1fa931735;YES;Tourism,Housing;;;;;;;;;;;High;;
Pedestrian Plaza;52e81612bcbc57f1066b7a25;YES;Tourism;Family,Friends;;;;;;;;;;;;
Playground;4bf58dd8d48988d1e7941735;YES;;;;;;;;;;;;;Children;
Plaza;4bf58dd8d48988d164941735;YES;Tourism;;;;;;;;;;;;;
Pool;4bf58dd8d48988d15e941735;YES;Entertainment,Sports;Family,Friends;;;;;;;;;;;;
Rafting;52e81612bcbc57f1066b7a29;YES;Entertainment,Sports;Family,Friends;;;;;;;;;;;;
Recreation Center;52e81612bcbc57f1066b7a26;YES;Entertainment;Family,Friends;;;;;;;;;;;Children;
Reservoir;56aa371be4b08b9a8d573541;YES;;Family,Friends;;;;;;;;;;;;
River;4eb1d4dd4b900d56c88a45fd;YES;Tourism;;;;;;;;;;;;;
Rock Climbing Spot;50328a4b91d4c4b30a586d6b;YES;Entertainment,Sports;Family,Friends;Rock climbing;;;;;;;;;;;
Scenic Lookout;4bf58dd8d48988d165941735;YES;Tourism;;;;;;;;;;;;;
Sculpture Garden;4bf58dd8d48988d166941735;YES;Tourism;;;;;;;;;;;;;
Ski Area;4bf58dd8d48988d1e9941735;YES;Tourism,Entertainment,Sports;Family,Friends;Ski;;;;;;;;;High;;
Apres Ski Bar;4bf58dd8d48988d1ea941735;YES;Having a drink,Eating out;Family,Friends;;;;;;;;;;High;;
Ski Chairlift;4eb1c0ed3b7b52c0e1adc2ea;YES;Entertainment,Sports;Family,Friends;Ski;;;;;;;;;High;;
Ski Chalet;4bf58dd8d48988d1ec941735;YES;Tourism;Family,Friends;;;;;;;;;;High;;
Ski Lodge;4bf58dd8d48988d1eb941735;YES;Tourism;Family,Friends;;;;;;;;;;High;;
Ski Trail;4eb1c0f63b7b52c0e1adc2eb;YES;Entertainment,Sports;Family,Friends;Ski;;;;;;;;;High;;
Skydiving Drop Zone;58daa1558bbb0b01f18ec1b9;YES;Entertainment,Sports;Family,Friends;Skydiving;;;;;;;;;High;;
Stables;4eb1baf03b7b2c5b1d4306ca;YES;Entertainment,Sports;Family,Friends;Horse riding;;;;;;;;;High;;
States & Municipalities;530e33ccbcbc57f1066bbfe4;YES;Entertainment,Sports;Family,Friends;Horse riding;;;;;;;;;High;;
City;50aa9e094b90af0d42d5de0d;;;;;;;;;;;;;;;
County;5345731ebcbc57f1066c39b2;;;;;;;;;;;;;;;
Country;530e33ccbcbc57f1066bbff7;;;;;;;;;;;;;;;
Neighborhood;4f2a25ac4b909258e854f55f;;;;;;;;;;;;;;;
State;530e33ccbcbc57f1066bbff8;;;;;;;;;;;;;;;
Town;530e33ccbcbc57f1066bbff3;;;;;;;;;;;;;;;
Village;530e33ccbcbc57f1066bbff9;;;;;;;;;;;;;;;
Summer Camp;52e81612bcbc57f1066b7a10;;;;;;;;;;;;;;Children;
Trail;4bf58dd8d48988d159941735;YES;Entertainment,Sports;Family,Friends;;;;;;;;;;;;
Tree;52e81612bcbc57f1066b7a24;YES;;;;;;;;;;;;;;
Vineyard;4bf58dd8d48988d1de941735;YES;Tourism;;;;;;;;;;;;;
Volcano;5032848691d4c4b30a586d61;YES;Tourism;;;;;;;;;;;;;
Waterfall;56aa371be4b08b9a8d573560;YES;Tourism;;;;;;;;;;;;;
Waterfront;56aa371be4b08b9a8d5734c3;YES;Tourism;;;;;;;;;;;;;
Well;4fbc1be21983fc883593e321;YES;;;;;;;;;;;;;;
Animal Shelter;4e52d2d203646f7c19daa8ae;YES;Entertainment;Family,Friends;;;;;;Pets;;;;;;
Art Studio;58daa1558bbb0b01f18ec1d6;YES;Entertainment;Family,Friends;;;;;;;;;;;;
Auditorium;4bf58dd8d48988d173941735;YES;Entertainment;Family,Friends;;;;;;;;;;;;
Ballroom;56aa371be4b08b9a8d5734cf;YES;Entertainment;Family,Friends;Dance;;;;;;;;;;;
Building;4bf58dd8d48988d130941735;YES;;;;;;;;;;;;;;
Business Center;56aa371be4b08b9a8d573517;YES;;;;;;;;;;;;;;
Club House;52e81612bcbc57f1066b7a35;YES;;Colleagues;;;;;;;;;;;;
Community Center;52e81612bcbc57f1066b7a34;YES;;Colleagues;;;;;;;;;;;;
Convention Center;4bf58dd8d48988d1ff931735;YES;;Colleagues;;;;;;;;;;;;
Meeting Room;4bf58dd8d48988d100941735;YES;;Colleagues;;;;;;;;;;;;
Cultural Center;52e81612bcbc57f1066b7a32;YES;Entertainment;;;;;;;;;;;;;
Distillery;4e0e22f5a56208c4ea9a85a0;YES;Tourism;;;;;;;;;;;;;
Distribution Center;52e81612bcbc57f1066b7a37;YES;;;;;;;;;;;;;;
Event Space;4bf58dd8d48988d171941735;YES;;;;;;;;;;;;;;
Outdoor Event Space;56aa371be4b08b9a8d57356a;YES;;;;;;;;;;;;;;
Factory;4eb1bea83b7b6f98df247e06;YES;;;;;;;;;;;;;;
Fair;4eb1daf44b900d56c88a4600;YES;Entertainment;;;;;;;;;;;;;
Funeral Home;4f4534884b9074f6e4fb0174;YES;;;;;;;;;;;;;;
Government Building;4bf58dd8d48988d126941735;YES;;;;;Campaigns & Elections;;;;;;;;;
Capitol Building;4bf58dd8d48988d12a941735;YES;;;;;;;;;;;;;;
City Hall;4bf58dd8d48988d129941735;YES;;;;;Campaigns & Elections;;;;;;;;;
Courthouse;4bf58dd8d48988d12b941735;YES;;;;;;;;;;;;;;
Embassy / Consulate;4bf58dd8d48988d12c951735;YES;;;;;Campaigns & Elections;;;;;;;;;
Fire Station;4bf58dd8d48988d12c941735;YES;;;;;;;;;;;;;;
Monument / Landmark;4bf58dd8d48988d12d941735;YES;Tourism;;;;;;;;;;;;;
Police Station;4bf58dd8d48988d12e941735;YES;;;;;;;;;;;;;;
Town Hall;52e81612bcbc57f1066b7a38;YES;;;;;Campaigns & Elections;;;;;;;;;
Industrial Estate;56aa371be4b08b9a8d5734d7;YES;;;;;;;;;;;;;;
Laboratory;5744ccdfe4b0c0459246b4d6;YES;;;;;;;;;;;;;;
Library;4bf58dd8d48988d12f941735;YES;Education;Friends,Colleagues;;;;;;;;;;;;
Medical Center;4bf58dd8d48988d104941735;YES;;;;;;;Injury,Infectious Diseases,Cold & Flu;;;;;;;
Acupuncturist;52e81612bcbc57f1066b7a3b;YES;;;;;;;Alternative Medecines;;;;;;;
Alternative Healer;52e81612bcbc57f1066b7a3c;YES;;;;;;;Alternative Medecines;;;;;;;
Chiropractor;52e81612bcbc57f1066b7a3a;YES;;;;;;;Alternative Medecines;;;;;;;
Dentist's Office;4bf58dd8d48988d178941735;YES;;;;;;;Oral & Dental Care;;;;;;;
Doctor's Office;4bf58dd8d48988d177941735;YES;;;;;;;Injury,Infectious Diseases,Cold & Flu;;;;;;;
Emergency Room;4bf58dd8d48988d194941735;YES;;;;;;;Injury,Infectious Diseases,Cold & Flu;;;;;;;
Eye Doctor;522e32fae4b09b556e370f19;YES;;;;;;;Vision Care;;;;;;;
Hospital;4bf58dd8d48988d196941735;YES;;;;;;;Surgery,Injury,Cancer;;;;;;;
Hospital Ward;58daa1558bbb0b01f18ec1f7;YES;;;;;;;Surgery;;;;;;;
Maternity Clinic;56aa371be4b08b9a8d5734ff;YES;;;;;;;Pregnancy & Maternity;;;;;;;
Medical Lab;4f4531b14b9074f6e4fb0103;YES;;;;;;;Medical Tests & Exams;;;;;;;
Mental Health Office;52e81612bcbc57f1066b7a39;YES;;;;;;;Mental Health,Neurological Disorders;;;;;;;
Nutritionist;58daa1558bbb0b01f18ec1d0;YES;;;;;;;Eating Disorders;;;;;;;
Physical Therapist;5744ccdfe4b0c0459246b4af;YES;;;;;;;Physical Therapy;;;;;;;
Rehab Center;56aa371be4b08b9a8d57351d;YES;;;;;;Drugs;Addictions;;;;;;;
Urgent Care Center;56aa371be4b08b9a8d573526;YES;;;;;;;Injury,Infectious Diseases;;;;;;;
Veterinarian;4d954af4a243a5684765b473;YES;;;;;;;;Pets;;;;;;
Military Base;4e52adeebd41615f56317744;YES;;;;;;;;;;;;;;
Non-Profit;50328a8e91d4c4b30a586d6c;YES;;;;;Left-Wing Politics,Right-Wing Politics;;;;;;;;;
Observatory;5744ccdfe4b0c0459246b4d9;YES;;;;;;;;;;;;;;
Office;4bf58dd8d48988d124941735;YES;;;;;;;;;;;;;;
Advertising Agency;52e81612bcbc57f1066b7a3d;YES;;;;;;;;;;;;;;
Campaign Office;5032764e91d4c4b30a586d5a;YES;;;;;;;;;;;;;;
Conference Room;4bf58dd8d48988d127941735;YES;;;;;;;;;;;;;;
Corporate Amenity;5665ef1d498ec706735f0e59;YES;;;;;;;;;;;;;;
Corporate Cafeteria;54f4ba06498e2cf5561da814;YES;;;;;;;;;;;;;;
Corporate Coffee Shop;5665c7b9498e7d8a4f2c0f06;YES;Eating out;Colleagues;;;;;;;;;;;;
Coworking Space;4bf58dd8d48988d174941735;YES;;;;;;;;;;;;;;
Tech Startup;4bf58dd8d48988d125941735;YES;;;;;;;;;;;;;;
Parking;4c38df4de52ce0d596b336e1;;;;;;;;;;;;;;;
Post Office;4bf58dd8d48988d172941735;YES;;;;;;;;;;;;;;
Power Plant;58daa1548bbb0b01f18ec1a9;YES;;;;;;;;;;;;;;
Prison;5310b8e5bcbc57f1066bcbf1;YES;;;;;;;;;;;;;;
Radio Station;5032856091d4c4b30a586d63;YES;;;;;;;;;;;;;;
Recruiting Agency;52f2ab2ebcbc57f1066b8b57;YES;;;;;;;;;;;;;;
Research Station;58daa1558bbb0b01f18ec1b2;YES;;;;;;;;;;;;;;
School;4bf58dd8d48988d13b941735;YES;Education;Colleagues,Friends;;;;;;;;;;;;
Adult Education Center;56aa371ce4b08b9a8d573570;YES;Education;Colleagues,Friends;;;;;;;;;;;;
Circus School;52e81612bcbc57f1066b7a43;YES;Education;Colleagues,Friends;Circus;;;;;;;;;;;
Cooking School;58daa1558bbb0b01f18ec200;YES;Education;Colleagues,Friends;Cook;;;;;;;;;;;
Driving School;52e81612bcbc57f1066b7a42;YES;Education;Colleagues,Friends;;;;;;;;;;;;
Elementary School;4f4533804b9074f6e4fb0105;YES;Education;Colleagues,Friends;;;;;;;;;;;;
Flight School;52e81612bcbc57f1066b7a49;YES;Education;Colleagues,Friends;;;;;;;;;;;;
High School;4bf58dd8d48988d13d941735;YES;Education;Colleagues,Friends;;;;;;;;;;;;
Language School;52e81612bcbc57f1066b7a48;YES;Education;Colleagues,Friends;;;;;;;;;;;;
Middle School;4f4533814b9074f6e4fb0106;YES;Education;Colleagues,Friends;;;;;;;;;;;;
Music School;4f04b10d2fb6e1c99f3db0be;YES;Education;Colleagues,Friends;;;;;;;;;;;;
Nursery School;4f4533814b9074f6e4fb0107;YES;Education;Colleagues,Friends;;;;;;;;;;;;
Preschool;52e81612bcbc57f1066b7a45;YES;Education;Colleagues,Friends;;;;;;;;;;;;
Private School;52e81612bcbc57f1066b7a46;YES;Education;Colleagues,Friends;;;;;;;;;;;;
Religious School;52e81612bcbc57f1066b7a47;YES;Education;Colleagues,Friends;;Religious Observance;;;;;;;;;;
Swim School;52e81612bcbc57f1066b7a44;YES;Education;Colleagues,Friends;Swimming;;;;;;;;;;;
Social Club;52e81612bcbc57f1066b7a33;YES;;Colleagues,Friends;;;;;;;;;;;;
Spiritual Center;4bf58dd8d48988d131941735;YES;Tourism;Friends,Family;;Religious Observance;;;;;;;;;;
Buddhist Temple;52e81612bcbc57f1066b7a3e;YES;;Friends,Family;;Buddhism;;;;;;;;;;
Cemevi;58daa1558bbb0b01f18ec1eb;YES;;Friends,Family;;Cemevi;;;;;;;;;;
Church;4bf58dd8d48988d132941735;YES;;Friends,Family;;Christianity;;;;;;;;;;
Confucian Temple;56aa371be4b08b9a8d5734fc;YES;;Friends,Family;;Conficianism;;;;;;;;;;
Hindu Temple;52e81612bcbc57f1066b7a3f;YES;;Friends,Family;;Hinduism;;;;;;;;;;
Kingdom Hall;5744ccdfe4b0c0459246b4ac;YES;;Friends,Family;;Jehovah's Witness;;;;;;;;;;
Monastery;52e81612bcbc57f1066b7a40;YES;Tourism;Friends,Family;;;;;;;;;;;;
Mosque;4bf58dd8d48988d138941735;YES;;Friends,Family;;Islam;;;;;;;;;;
Prayer Room;52e81612bcbc57f1066b7a41;YES;;Friends,Family;;Religious Observance;;;;;;;;;;
Shrine;4eb1d80a4b900d56c88a45ff;YES;;Friends,Family;;Religious Observance;;;;;;;;;;
Synagogue;4bf58dd8d48988d139941735;YES;;Friends,Family;;Judaism;;;;;;;;;;
Temple;4bf58dd8d48988d13a941735;YES;;Friends,Family;;Christianity;;;;;;;;;;
Terreiro;56aa371be4b08b9a8d5734f6;YES;;Friends,Family;;Religious Observance;;;;;;;;;;
TV Station;52e81612bcbc57f1066b7a31;YES;;;;;;;;;;;;;;
Voting Booth;4cae28ecbf23941eb1190695;YES;;;;;Campaigns & Elections;;;;;;;;;
Warehouse;52e81612bcbc57f1066b7a36;YES;;;;;;;;;;;;;;
Waste Facility;58daa1558bbb0b01f18ec1ac;YES;;;;;;;;;;;;;;
Wedding Hall;56aa371be4b08b9a8d5734c5;YES;Entertainment;;;;;;;;;;;;;
Winery;4bf58dd8d48988d14b941735;YES;Tourism;;;;;;;;;;;;;
Assisted Living;5032891291d4c4b30a586d68;YES;Housing;;;;;;;;;;;;Seniors & Retirement;
Home (private);4bf58dd8d48988d103941735;YES;Housing;;;;;;;;;;;;;
Housing Development;4f2a210c4b9023bd5841ed28;YES;Housing;;;;;;;;;;;Low;;
Residential Building (Apartment / Condo);4d954b06a243a5684965b473;YES;Housing;;;;;;;;;;;;;
Trailer Park;52f2ab2ebcbc57f1066b8b55;YES;Housing;;;;;;;;;;;Low;;
ATM;52f2ab2ebcbc57f1066b8b56;;;;;;;;;;;;;;;
Adult Boutique;5267e446e4b0ec79466e48c4;YES;Entertainment;;;;;;;;;;;;;
Antique Shop;4bf58dd8d48988d116951735;YES;Entertainment;;;;;;;;;;;;;
Arts & Crafts Store;4bf58dd8d48988d127951735;YES;Entertainment;;;;;;;;;;;;;
Astrologer;52f2ab2ebcbc57f1066b8b43;YES;;;;;;;;;;;;;;
Auto Dealership;4eb1c1623b7b52c0e1adc2ec;YES;;;Drive;;;;;Private Vehicles;;;;;;
Auto Garage;52f2ab2ebcbc57f1066b8b44;YES;;;Drive;;;;;Private Vehicles;;;;;;
Auto Workshop;56aa371be4b08b9a8d5734d3;YES;;;Drive;;;;;Private Vehicles;;;;;;
Automotive Shop;4bf58dd8d48988d124951735;YES;;;Drive;;;;;Private Vehicles;;;;;;
Baby Store;52f2ab2ebcbc57f1066b8b32;YES;Shopping;;;;;;;;;;;;Children;
Bank;4bf58dd8d48988d10a951735;YES;;;;;;;;;;;;;;
Bath House;52e81612bcbc57f1066b7a27;YES;Shopping;;;;;;;;;;;;;
Batik Shop;56aa371be4b08b9a8d5734cb;YES;;;;;;;;;;;;;;
Betting Shop;52f2ab2ebcbc57f1066b8b40;YES;;;;;;;;;;;;;;
Big Box Store;52f2ab2ebcbc57f1066b8b42;YES;Shopping;;;;;;;;;;;;;
Bike Shop;4bf58dd8d48988d115951735;YES;Shopping;;Ride bicycle;;;;;Bicycles;;;;;;
Board Shop;4bf58dd8d48988d1f1941735;YES;Shopping;;;;;;;;;;;;;
Bookstore;4bf58dd8d48988d114951735;YES;Shopping;;;;;;;;;;;;;
Bridal Shop;4bf58dd8d48988d11a951735;YES;Shopping;;;;;;;;;;;;;
Business Service;5453de49498eade8af355881;;;;;;;;;;;;;;;
Camera Store;4eb1bdf03b7b55596b4a7491;YES;Shopping;;;;;;;;;;;;;
Candy Store;4bf58dd8d48988d117951735;YES;Shopping;;;;;;;;;;;;;
Car Wash;4f04ae1f2fb6e1c99f3db0ba;YES;;;Drive;;;;;Private Vehicles;;;;;;
Carpet Store;52f2ab2ebcbc57f1066b8b2a;YES;Shopping;;;;;;;;;;;;;
Check Cashing Service;52f2ab2ebcbc57f1066b8b2d;;;;;;;;;;;;;;;
Child Care Service;5744ccdfe4b0c0459246b4c7;YES;;;;;;;;;;;;;Children;
Daycare;4f4532974b9074f6e4fb0104;YES;;;;;;;;;;;;;Children;
Chocolate Shop;52f2ab2ebcbc57f1066b8b31;YES;Shopping;;;;;;;;;;;;;
Clothing Store;4bf58dd8d48988d103951735;YES;Shopping;;;;;;;;;;;;;
Accessories Store;4bf58dd8d48988d102951735;YES;Shopping;;;;;;;;;Woman;;;;
Boutique;4bf58dd8d48988d104951735;YES;Shopping;;;;;;;;;;;;;
Kids Store;4bf58dd8d48988d105951735;YES;Shopping;;;;;;;;;;;;Children;
Lingerie Store;4bf58dd8d48988d109951735;YES;Shopping;;;;;;;;;Woman;;;;
Men's Store;4bf58dd8d48988d106951735;YES;Shopping;;;;;;;;;Man;;;;
Shoe Store;4bf58dd8d48988d107951735;YES;Shopping;;;;;;;;;;;;;
Women's Store;4bf58dd8d48988d108951735;YES;Shopping;;;;;;;;;Woman;;;;
Comic Shop;52f2ab2ebcbc57f1066b8b18;YES;Shopping;;;;;;;;;;;;;
Construction & Landscaping;5454144b498ec1f095bff2f2;;;;;;;;;;;;;;;
Convenience Store;4d954b0ea243a5684a65b473;YES;Grocery Shopping;;;;;;;;;;;;;
Cosmetics Shop;4bf58dd8d48988d10c951735;YES;Shopping;;;;;;;;;Woman;;;;
Costume Shop;52f2ab2ebcbc57f1066b8b17;YES;Shopping;;;;;;;;;;;;;
Credit Union;5032850891d4c4b30a586d62;;;;;;;;;;;;;;;
Currency Exchange;5744ccdfe4b0c0459246b4be;YES;Tourism;;;;;;;;;;;;;
Department Store;4bf58dd8d48988d1f6941735;YES;Shopping;;;;;;;;;;;High;;
Design Studio;4bf58dd8d48988d1f4941735;YES;Shopping;;;;;;;;;;;High;;
Discount Store;52dea92d3cf9994f4e043dbb;YES;Shopping;;;;;;;;;;;Low;;
Dive Shop;52f2ab2ebcbc57f1066b8b1a;YES;Shopping;;;;;;;;;;;;;
Drugstore;5745c2e4498e11e7bccabdbd;YES;Shopping;;;;;;Drugs & Medications,Headaches & Migraines;;;;;;;
Dry Cleaner;52f2ab2ebcbc57f1066b8b1d;YES;;;;;;;;;;;;High;;
EV Charging Station;5032872391d4c4b30a586d64;YES;;;Drive;;;;;Private Vehicles,Hybrid Vehicles,Electric & Plug-In Vehicles;;;;;;
Electronics Store;4bf58dd8d48988d122951735;YES;Shopping;;;;;;;;;;;;;
Entertainment Service;56aa371be4b08b9a8d573554;YES;Entertainment;;;;;;;;;;;;;
Event Service;5454152e498ef71e2b9132c6;YES;;;;;;;;;;;;;;
Fabric Shop;52f2ab2ebcbc57f1066b8b26;YES;Shopping;;;;;;;;;Woman;;;;
Film Studio;56aa371be4b08b9a8d573523;YES;Tourism;;;;;;;;;;;;;
Financial or Legal Service;503287a291d4c4b30a586d65;YES;;;;;;;;;;;;;;
Fireworks Store;52f2ab2ebcbc57f1066b8b3a;YES;;;;;;;;;;;;;;
Fishing Store;52f2ab2ebcbc57f1066b8b16;YES;Shopping;;;;;;;;;;;;;
Flea Market;4bf58dd8d48988d1f7941735;YES;Shopping;;;;;;;;;;;;;
Floating Market;56aa371be4b08b9a8d573505;YES;Shopping;;;;;;;;;;;;;
Flower Shop;4bf58dd8d48988d11b951735;YES;Shopping;;;;;;;;;;;;;
Food & Drink Shop;4bf58dd8d48988d1f9941735;YES;Grocery Shopping;;;;;;;;;;;;;
Beer Store;5370f356bcbc57f1066c94c2;YES;Grocery Shopping;;;;;;;;;;;;;
Butcher;4bf58dd8d48988d11d951735;YES;Grocery Shopping;;;;;;;;;;;;;
Cheese Shop;4bf58dd8d48988d11e951735;YES;Grocery Shopping;;;;;;;;;;;;;
Dairy Store;58daa1558bbb0b01f18ec1ca;YES;Grocery Shopping;;;;;;;;;;;;;
Farmers Market;4bf58dd8d48988d1fa941735;YES;Grocery Shopping;;;;;;;;;;;;;
Fish Market;4bf58dd8d48988d10e951735;YES;Grocery Shopping;;;;;;;;;;;;;
Food Service;56aa371be4b08b9a8d573550;YES;Grocery Shopping;;;;;;;;;;;;;
Gourmet Shop;4bf58dd8d48988d1f5941735;YES;Grocery Shopping;;;;;;;;;;;High;;
Grocery Store;4bf58dd8d48988d118951735;YES;Grocery Shopping;;;;;;;;;;;;;
Health Food Store;50aa9e744b90af0d42d5de0e;YES;Grocery Shopping;;;;;;;;;;;;;
Kuruyemişçi;58daa1558bbb0b01f18ec1e8;YES;Grocery Shopping;;;;;;;;;;;;;
Liquor Store;4bf58dd8d48988d186941735;YES;Grocery Shopping;;;;;;;;;;;;;
Organic Grocery;52f2ab2ebcbc57f1066b8b45;YES;Grocery Shopping;;;;;;;;;;;;;
Sausage Shop;56aa371be4b08b9a8d573564;YES;Grocery Shopping;;;;;;;;;;;;;
Street Food Gathering;53e0feef498e5aac066fd8a9;YES;Eating out;;;;;;;;;;;;;
Supermarket;52f2ab2ebcbc57f1066b8b46;YES;Grocery Shopping;;;;;;;;;;;;;
Turşucu;58daa1558bbb0b01f18ec1e5;YES;Grocery Shopping;;;;;;;;Arabs & Middle Easterners;;;;;
Wine Shop;4bf58dd8d48988d119951735;YES;Grocery Shopping;;;;;;;;;;;;;
Frame Store;52f2ab2ebcbc57f1066b8b24;YES;Shopping;;;;;;;;;;;;;
Fruit & Vegetable Store;52f2ab2ebcbc57f1066b8b1c;YES;Grocery Shopping;;;;;;;;;;;;;
Furniture / Home Store;4bf58dd8d48988d1f8941735;YES;Shopping;;;;;;;;;;;;;
Lighting Store;55888a5a498e782e3303b43a;YES;Shopping;;;;;;;;;;;;;
Gaming Cafe;4bf58dd8d48988d18d941735;YES;Eating out;;;;;;;;;;;;;
Garden Center;4eb1c0253b7b52c0e1adc2e9;YES;Shopping;;;;;;;;;;;;;
Gas Station;4bf58dd8d48988d113951735;YES;;;Drive;;;;;Motorcycles,Private Vehicles;;;;;;
Gift Shop;4bf58dd8d48988d128951735;YES;Shopping;;;;;;;;;;;;;
Gun Shop;52f2ab2ebcbc57f1066b8b19;YES;Shopping;;;;;;;;;Man;;;;
Hardware Store;4bf58dd8d48988d112951735;YES;Shopping;;;;;;;;;Man;;;;
Health & Beauty Service;54541900498ea6ccd0202697;YES;Shopping;;;;;;;;;Woman;;;;
Herbs & Spices Store;52f2ab2ebcbc57f1066b8b2c;YES;Grocery Shopping;;;;;;;;;;;;;
Hobby Shop;4bf58dd8d48988d1fb941735;YES;Shopping;;;;;;;;;;;;;
Home Service;545419b1498ea6ccd0202f58;YES;Shopping;;;;;;;;;;;;;
Hunting Supply;50aaa5234b90af0d42d5de12;YES;Shopping;;;;;;;;;Man;;;;
IT Services;52f2ab2ebcbc57f1066b8b36;YES;;;;;;;;;;;;;;
Insurance Office;58daa1558bbb0b01f18ec1f1;YES;;;;;;;;;;;;;;
Internet Cafe;4bf58dd8d48988d1f0941735;YES;Eating out;;;;;;;;;;;;;
Jewelry Store;4bf58dd8d48988d111951735;YES;Shopping;;;;;;;;;Woman;;;;
Kitchen Supply Store;58daa1558bbb0b01f18ec1b4;YES;Shopping;;;;;;;;;;;;;
Knitting Store;52f2ab2ebcbc57f1066b8b25;YES;Shopping;;;;;;;;;Woman;;;;
Laundromat;52f2ab2ebcbc57f1066b8b33;YES;;;;;;;;;;;;;;
Laundry Service;4bf58dd8d48988d1fc941735;YES;;;;;;;;;;;;;;
Lawyer;52f2ab2ebcbc57f1066b8b3f;YES;;;;;;;;;;;;;;
Leather Goods Store;52f2ab2ebcbc57f1066b8b2b;YES;Shopping;;;;;;;;;;;;;
Locksmith;52f2ab2ebcbc57f1066b8b1e;YES;;;;;;;;;;;;;;
Lottery Retailer;52f2ab2ebcbc57f1066b8b38;YES;;;;;;Gambling,Lottery & Sweepstakes;;;;;;;;
Luggage Store;52f2ab2ebcbc57f1066b8b29;YES;Shopping;;;;;;;;;;;;;
Marijuana Dispensary;52c71aaf3cf9994f4e043d17;YES;;;;;;Drugs;;;;;;;;
Market;50be8ee891d4fa8dcc7199a7;YES;Grocery Shopping;;;;;;;;;;;;;
Massage Studio;52f2ab2ebcbc57f1066b8b3c;YES;Self-care;;;;;;;;;;;;;
Mattress Store;52f2ab2ebcbc57f1066b8b27;YES;Grocery Shopping;;;;;;;;;;;;;
Medical Supply Store;58daa1558bbb0b01f18ec206;YES;Shopping;;;;;;Injury,Physical Therapy;;;;;;;
Miscellaneous Shop;4bf58dd8d48988d1ff941735;YES;;;;;;;;;;;;;;
Mobile Phone Shop;4f04afc02fb6e1c99f3db0bc;YES;;;;;;;;;;;;;;
Mobility Store;56aa371be4b08b9a8d57354a;YES;;;;;;;;;;;;;;
Motorcycle Shop;5032833091d4c4b30a586d60;YES;;;Drive;;;;;Motorcycles;;;;;;
Motorsports Shop;59d79d6b2e268052fa2a3332;YES;Shopping;;;;;;;;;Man;;;;
Music Store;4bf58dd8d48988d1fe941735;YES;Shopping;;;;;;;;;;;;;
Nail Salon;4f04aa0c2fb6e1c99f3db0b8;YES;Self-care;;;;;;;;;Woman;;;;
Newsstand;4f04ad622fb6e1c99f3db0b9;YES;Shopping;;;;;;;;;;;;;
Optical Shop;4d954afda243a5684865b473;YES;Shopping;;;;;;Vision Care;;;;;;;
Other Repair Shop;52f2ab2ebcbc57f1066b8b2f;YES;Shopping;;;;;;;;;;;;;
Outdoor Supply Store;52f2ab2ebcbc57f1066b8b22;YES;Shopping;;;;;;;;;;;;;
Outlet Mall;5744ccdfe4b0c0459246b4df;YES;Shopping;;;;;;;;;;;Low;;
Outlet Store;52f2ab2ebcbc57f1066b8b35;YES;Shopping;;;;;;;;;;;Low;;
Paper / Office Supplies Store;4bf58dd8d48988d121951735;YES;Shopping;;;;;;;;;;;;;
Pawn Shop;52f2ab2ebcbc57f1066b8b34;YES;;;;;;;;;;;;;;
Perfume Shop;52f2ab2ebcbc57f1066b8b23;YES;Shopping;;;;;;;;;Woman;;;;
Pet Service;5032897c91d4c4b30a586d69;YES;;;;;;;;Pets;;;;;;
Pet Store;4bf58dd8d48988d100951735;YES;Shopping;;;;;;;Pets;;;;;;
Pharmacy;4bf58dd8d48988d10f951735;YES;Shopping;;;;;;Headaches & Migraines,Drugs & Medications;;;;;;;
Photography Lab;4eb1bdde3b7b55596b4a7490;YES;Shopping;;;;;;;;;;;;;
Photography Studio;554a5e17498efabeda6cc559;YES;Shopping;;;;;;;;;;;;;
Piercing Parlor;52f2ab2ebcbc57f1066b8b20;YES;Self-care;;;;;;;;;;;;;
Pop-Up Shop;52f2ab2ebcbc57f1066b8b3d;YES;Shopping;;;;;;;;;;;;;
Print Shop;52f2ab2ebcbc57f1066b8b28;YES;Shopping;;;;;;;;;;;;;
Public Bathroom;5744ccdfe4b0c0459246b4c4;YES;;;;;;;;;;;;;;
Real Estate Office;5032885091d4c4b30a586d66;YES;;;;;;;;;;;;;;
Record Shop;4bf58dd8d48988d10d951735;YES;Shopping;;;;;;;;;;;;;
Recording Studio;52f2ab2ebcbc57f1066b8b37;YES;Entertainment;;;;;;;;;;;;;
Recycling Facility;4f4531084b9074f6e4fb0101;;;;;;;;;;;;;;;
Rental Service;56aa371be4b08b9a8d573552;;;;;;;;;;;;;;;
Salon / Barbershop;4bf58dd8d48988d110951735;YES;Self-care;;;;;;;;;Man;;;;
Sauna / Steam Room;58daa1558bbb0b01f18ec1ae;YES;Self-care;;;;;;;;;;;;;
Shipping Store;52f2ab2ebcbc57f1066b8b1f;YES;Shopping;;;;;;;;;;;;;
Shoe Repair;52f2ab2ebcbc57f1066b8b39;YES;Shopping;;;;;;;;;;;;;
Shopping Mall;4bf58dd8d48988d1fd941735;YES;Shopping;;;;;;;;;;;;;
Shopping Plaza;5744ccdfe4b0c0459246b4dc;YES;Shopping;;;;;;;;;;;;;
Ski Shop;56aa371be4b08b9a8d573566;YES;Shopping;;;;;;;;;;;;;
Smoke Shop;4bf58dd8d48988d123951735;YES;Shopping;;;;;Smoking;;;;;;;;
Smoothie Shop;52f2ab2ebcbc57f1066b8b41;YES;Eating out;;;;;;;;;;;;;
Souvenir Shop;52f2ab2ebcbc57f1066b8b1b;YES;Shopping,Tourism;;;;;;;;;;;;;
Spa;4bf58dd8d48988d1ed941735;YES;Self-care;;;;;;;;;;;;;
Sporting Goods Shop;4bf58dd8d48988d1f2941735;YES;Shopping,Sports;;;;;;;;;;;;;
Stationery Store;52f2ab2ebcbc57f1066b8b21;YES;Shopping;;;;;;;;;;;;;
Storage Facility;4f04b1572fb6e1c99f3db0bf;;;;;;;;;;;;;;;
Supplement Shop;5744ccdfe4b0c0459246b4cd;;;;;;;;;;;;;;;
Tailor Shop;5032781d91d4c4b30a586d5b;YES;Shopping;;;;;;;;;Man;;;;
Tanning Salon;4d1cf8421a97d635ce361c31;YES;Self-care;;;;;;;;;;;;;
Tattoo Parlor;4bf58dd8d48988d1de931735;YES;Self-care;;;;;;;;;;;;;
Thrift / Vintage Store;4bf58dd8d48988d101951735;YES;Shopping;;;;;;;;;;;;;
Toy / Game Store;4bf58dd8d48988d1f3941735;YES;Shopping;;;;;;;;;;;;;
Travel Agency;4f04b08c2fb6e1c99f3db0bd;YES;Tourism;;;;;;;;;;;;;
Used Bookstore;52f2ab2ebcbc57f1066b8b30;YES;Shopping;;;;;;;;;;;;;
Vape Store;56aa371be4b08b9a8d57355c;YES;Shopping;;;;;;;;;;;;;
Video Game Store;4bf58dd8d48988d10b951735;YES;Shopping;;;;;;;;;;;;;
Video Store;4bf58dd8d48988d126951735;YES;Shopping;;;;;;;;;;;;;
Warehouse Store;52e816a6bcbc57f1066b7a54;YES;Shopping;;;;;;;;;;;;;
Watch Shop;52f2ab2ebcbc57f1066b8b2e;YES;Shopping;;;;;;;;;Man;;High;;
Airport;4bf58dd8d48988d1ed931735;YES;Tourism;;;;;;;;;;;;;
Airport Food Court;4bf58dd8d48988d1ef931735;YES;Tourism;;;;;;;;;;;;;
Airport Gate;4bf58dd8d48988d1f0931735;YES;Tourism;;;;;;;;;;;;;
Airport Lounge;4eb1bc533b7b2c5b1d4306cb;YES;Tourism;;;;;;;;;;;;;
Airport Service;56aa371be4b08b9a8d57352f;YES;Tourism;;;;;;;;;;;;;
Airport Terminal;4bf58dd8d48988d1eb931735;YES;Tourism;;;;;;;;;;;;;
Airport Tram;4bf58dd8d48988d1ec931735;YES;Tourism;;;;;;;;;;;;;
Baggage Claim;5744ccdfe4b0c0459246b4e5;YES;Tourism;;;;;;;;;;;;;
Plane;4bf58dd8d48988d1f7931735;YES;Tourism;;;;;;;;;;;;;
Baggage Locker;5744ccdfe4b0c0459246b4e8;YES;Tourism;;;;;;;;;;;;;
Bike Rental / Bike Share;4e4c9077bd41f78e849722f9;YES;Tourism,Sports;;;;;;;;;;;;;
Boat Rental;5744ccdfe4b0c0459246b4c1;YES;Tourism,Sports;;;;;;;;;;;;;
Boat or Ferry;4bf58dd8d48988d12d951735;YES;Tourism;;;;;;;;;;;;;
Border Crossing;52f2ab2ebcbc57f1066b8b4b;;;;;;;;;;;;;;;
Bus Station;4bf58dd8d48988d1fe931735;;;;;;;;;;;;;;;
Bus Line;4bf58dd8d48988d12b951735;;;;;;;;;;;;;;;
Bus Stop;52f2ab2ebcbc57f1066b8b4f;;;;;;;;;;;;;;;
Cable Car;52f2ab2ebcbc57f1066b8b50;;;;;;;;;;;;;;;
Cruise;55077a22498e5e9248869ba2;YES;Tourism;Family,Friends;;;;;;;;;;High;;
Duty-free Shop;589ddde98ae3635c072819ee;YES;Tourism,Shopping;;;;;;;;;;;;;
General Travel;4bf58dd8d48988d1f6931735;YES;Tourism;Family,Friends;;;;;;;;;;;;
Heliport;56aa371ce4b08b9a8d57356e;YES;Tourism;;;;;;;;;;;High;;
Bed & Breakfast;4bf58dd8d48988d1f8931735;YES;Tourism;Family,Friends;;;;;;;;;;;;
Boarding House;4f4530a74b9074f6e4fb0100;YES;Tourism;Family,Friends;;;;;;;;;;High;;
Hostel;4bf58dd8d48988d1ee931735;YES;Tourism;Family,Friends;;;;;;;;;;Low;;
Hotel Pool;4bf58dd8d48988d132951735;YES;Tourism;Family,Friends;;;;;;;;;;High;;
Motel;4bf58dd8d48988d1fb931735;YES;Tourism;Family,Friends;;;;;;;;;;Low;;
Resort;4bf58dd8d48988d12f951735;YES;Tourism;Family,Friends;;;;;;;;;;High;;
Roof Deck;4bf58dd8d48988d133951735;YES;Tourism;Family,Friends;;;;;;;;;;;;
Vacation Rental;56aa371be4b08b9a8d5734e1;YES;Tourism;Family,Friends;;;;;;;;;;;;
Intersection;52f2ab2ebcbc57f1066b8b4c;;;;;;;;;;;;;;;
Light Rail Station;4bf58dd8d48988d1fc931735;;;;;;;;;;;;;;;Commute
Metro Station;4bf58dd8d48988d1fd931735;;;;;;;;;;;;;;;Commute
Moving Target;4f2a23984b9023bd5841ed2c;;;;;;;;;;;;;;;
Pier;4e74f6cabd41c4836eac4c31;;Tourism;;;;;;;;;;;;;
Port;56aa371be4b08b9a8d57353e;;Tourism;;;;;;;;;;;;;
RV Park;52f2ab2ebcbc57f1066b8b53;YES;Tourism;Family,Friends;Drive;;;;;Campers & RVs;;;;;;
Rental Car Location;4bf58dd8d48988d1ef941735;YES;Tourism;;Drive;;;;;;;;;;;Long distance
Rest Area;4d954b16a243a5684b65b473;YES;Tourism;Family,Friends;;;;;;;;;;;;
Road;4bf58dd8d48988d1f9931735;;;;;;;;;;;;;;;
Taxi Stand;53fca564498e1a175f32528b;;;;;;;;;;;;;;;Commute
Taxi;4bf58dd8d48988d130951735;;;;;;;;;;;;;;;Commute
Toll Booth;52f2ab2ebcbc57f1066b8b4d;;;;;;;;;;;;;;;Long distance
Toll Plaza;52f2ab2ebcbc57f1066b8b4e;;;;;;;;;;;;;;;Long distance
Tourist Information Center;4f4530164b9074f6e4fb00ff;YES;Tourism;Family,Friends;;;;;;;;;;;;
Train Station;4bf58dd8d48988d129951735;;Tourism;;;;;;;;;;;;;Long distance
Platform;4f4531504b9074f6e4fb0102;;;;;;;;;;;;;;;Long distance
Train;4bf58dd8d48988d12a951735;YES;;;;;;;;;;;;;;
Tram Station;52f2ab2ebcbc57f1066b8b51;;;;;;;;;;;;;;;Commute
Transportation Service;54541b70498ea6ccd0204bff;;;;;;;;;;;;;;;
Travel Lounge;4f04b25d2fb6e1c99f3db0c0;YES;Tourism;;;;;;;;;;;;;
Tunnel;52f2ab2ebcbc57f1066b8b4a;;;;;;;;;;;;;;;
