ID;INT;ACT;SOC;SKL;REL;POL;ADD;HEA;OWN;ETH;GEN;AGE;STA;FAM
56aa371be4b08b9a8d5734db;YES;Entertainment;YES;;;;;;;;;;;
4fceea171983d5d06c3e9823;YES;Entertainment,Tourism;YES;;;;;;;;;;;
4bf58dd8d48988d1e1931735;YES;Entertainment;YES;;;;;;;;;;;
4bf58dd8d48988d1e2931735;YES;Entertainment,Tourism;;;;;;;;;;;;
4bf58dd8d48988d1e4931735;YES;Entertainment;YES;;;;;;;;;;;
4bf58dd8d48988d17c941735;YES;Entertainment,Tourism;YES;;;;;;;;;;;
52e81612bcbc57f1066b79e7;YES;Entertainment;;;;;;;;;;;;
4bf58dd8d48988d18e941735;YES;Entertainment;YES;;;;;;;;;;;
5032792091d4c4b30a586d5c;YES;Entertainment;YES;;;;;;;;;;;
52e81612bcbc57f1066b79ef;YES;Entertainment;YES;;;;;;;;;;;
52e81612bcbc57f1066b79e8;YES;Entertainment;YES;;;;;;;;;;;
56aa371be4b08b9a8d573532;YES;Entertainment;;;;;;;;;;;;
4bf58dd8d48988d1f1931735;YES;Entertainment;YES;;;;;;;;;;;
52e81612bcbc57f1066b79ea;YES;Entertainment;YES;Drive;;;;;;;;;;
4deefb944765f83613cdba6e;YES;Entertainment,Tourism;;;;;;;;;;;;
5744ccdfe4b0c0459246b4bb;YES;Entertainment;YES;;;;;;;;;;;
52e81612bcbc57f1066b79e6;YES;Entertainment;YES;;;;;;;;;;;
5642206c498e4bfca532186c;YES;Entertainment,Tourism;;;;;;;;;;;;
52e81612bcbc57f1066b79eb;YES;Entertainment;YES;;;;;;;;;;;
4bf58dd8d48988d17f941735;YES;Entertainment;YES;;;;;;;;;;;
56aa371be4b08b9a8d5734de;YES;Entertainment;YES;;;;;;;;;;;
4bf58dd8d48988d17e941735;YES;Entertainment;YES;;;;;;;;;;;
4bf58dd8d48988d180941735;YES;Entertainment;YES;;;;;;;;;;;
4bf58dd8d48988d181941735;YES;Entertainment,Tourism;;;;;;;;;;;;
4bf58dd8d48988d18f941735;YES;Entertainment,Tourism;;;;;;;;;;;;
559acbe0498e472f1a53fa23;YES;Entertainment,Tourism;;;;;;;;;;;;
4bf58dd8d48988d190941735;YES;Entertainment,Tourism;;;;;;;;;;;;
4bf58dd8d48988d192941735;YES;Entertainment,Tourism;;;;;;;;;;;;
4bf58dd8d48988d191941735;YES;Entertainment,Tourism;;;;;;;;;;;;
4bf58dd8d48988d1e5931735;YES;Entertainment,Tourism;;;;;;;;;;;;
4bf58dd8d48988d1e7931735;YES;Entertainment;YES;;;;;;;;;;;
4bf58dd8d48988d1e8931735;YES;Entertainment;;;;;;;;;;;;
4bf58dd8d48988d1e9931735;YES;Entertainment;;;;;;;;;;;;
5744ccdfe4b0c0459246b4b8;YES;Entertainment;;;;;;;;;;;;
4bf58dd8d48988d1f2931735;YES;Entertainment;YES;;;;;;;;;;;
4bf58dd8d48988d134941735;YES;Entertainment;YES;;;;;;;;;;;
4bf58dd8d48988d135941735;YES;Entertainment;YES;;;;;;;;;;;
4bf58dd8d48988d136941735;YES;Entertainment,Tourism;YES;;;;;;;;;;;
4bf58dd8d48988d137941735;YES;Entertainment,Tourism;YES;;;;;;;;;;;
4bf58dd8d48988d1e3931735;YES;Entertainment;YES;;;;;;;;;;;
507c8c4091d498d9fc8c67a9;YES;Entertainment,Tourism;;;;;;;;;;;;
52e81612bcbc57f1066b79ed;YES;Entertainment,Tourism;;;;;;;;;;;;
52e81612bcbc57f1066b79ee;YES;Entertainment,Tourism;;;;;;;;;;;;
56aa371be4b08b9a8d573514;YES;Entertainment,Sports;YES;;;;;;;;;;;
4bf58dd8d48988d1f4931735;YES;Entertainment,Sports;YES;;;;;;;;;;;
52e81612bcbc57f1066b79e9;YES;Entertainment,Sports;YES;;;;;;;;;;;
52e81612bcbc57f1066b79ec;YES;Entertainment,Sports;YES;Dance;;;;;;;;;;
56aa371be4b08b9a8d5734f9;YES;Entertainment,Sports;YES;Dance;;;;;;;;;;
4bf58dd8d48988d184941735;YES;Entertainment,Sports;YES;;;;;;;;;;;
4bf58dd8d48988d18c941735;YES;Entertainment,Sports;YES;;;;;;;;;;;
4bf58dd8d48988d18b941735;YES;Entertainment,Sports;YES;;;;;;;;;;;
4bf58dd8d48988d18a941735;YES;Entertainment,Sports;YES;;;;;;;;;;;
4bf58dd8d48988d189941735;YES;Entertainment,Sports;YES;;;;;;;;;;;
4bf58dd8d48988d185941735;YES;Entertainment,Sports;YES;;;;;;;;;;;
56aa371be4b08b9a8d573556;YES;Entertainment,Sports;YES;;;;;;;;;;;
4bf58dd8d48988d188941735;YES;Entertainment,Sports;YES;;;;;;;;;;;
4e39a891bd410d7aed40cbc2;YES;Entertainment,Sports;YES;;;;;;;;;;;
4bf58dd8d48988d187941735;YES;Entertainment,Sports;YES;;;;;;;;;;;
4bf58dd8d48988d182941735;YES;Entertainment;YES;;;;;;;;;;;
5109983191d435c0d71c2bb1;YES;Entertainment;YES;;;;;;;;;;;
56aa371be4b08b9a8d573520;YES;Tourism;;;;;;;;;;;;
4bf58dd8d48988d193941735;YES;Entertainment;YES;;;;;;;;;;;
4bf58dd8d48988d17b941735;YES;Entertainment,Tourism;YES;;;;;;;;;;;
58daa1558bbb0b01f18ec1fd;YES;Entertainment,Tourism;YES;;;;;;;;;;;
4bf58dd8d48988d198941735;YES;Education;YES;;;;;;;;;;;
4bf58dd8d48988d199941735;YES;Education;YES;Arts;;;;;;;;;;
4bf58dd8d48988d19a941735;YES;Education;YES;Communication;;;;;;;;;;
4bf58dd8d48988d19e941735;YES;Education;YES;Engineering;;;;;;;;;;
4bf58dd8d48988d19d941735;YES;Education;YES;History;;;;;;;;;;
4bf58dd8d48988d19c941735;YES;Education;YES;Math;;;;;;;;;;
4bf58dd8d48988d19b941735;YES;Education;YES;Science;;;;;;;;;;
4bf58dd8d48988d19f941735;YES;Education;YES;Technology;;;;;;;;;;
4bf58dd8d48988d197941735;YES;Education;YES;;;;;;;;;;;
4bf58dd8d48988d1af941735;YES;Education;YES;;;;;;;;;;;
4bf58dd8d48988d1b1941735;YES;Education;YES;;;;;;;;;;;
4bf58dd8d48988d1a1941735;YES;Eating,Coffee;YES;;;;;;;;;;;
4bf58dd8d48988d1a0941735;YES;Education;YES;;;;;;;;;;;
4bf58dd8d48988d1b2941735;YES;Sports;YES;;;;;;;;;;;
4bf58dd8d48988d1a5941735;YES;Education;YES;;;;;;;;;;;
4bf58dd8d48988d1a7941735;YES;Education;YES;;;;;;;;;;;
4bf58dd8d48988d1aa941735;YES;Education;YES;;;;;;;;;;;
4bf58dd8d48988d1a9941735;YES;Sports,Entertainment;YES;;;;;;;;;;;
4bf58dd8d48988d1a3941735;YES;Housing;YES;;;;;;;;;;;
4bf58dd8d48988d1b4941735;YES;Entertainment,Sports;YES;;;;;;;;;;;
4bf58dd8d48988d1bb941735;YES;Entertainment,Sports;YES;Sports;;;;;;;;;;
4bf58dd8d48988d1ba941735;YES;Entertainment,Sports;YES;Sports;;;;;;;;;;
4bf58dd8d48988d1b9941735;YES;Entertainment,Sports;YES;Sports;;;;;;;;;;
4bf58dd8d48988d1b8941735;YES;Entertainment,Sports;YES;Sports;;;;;;;;;;
4bf58dd8d48988d1b5941735;YES;Entertainment,Sports;YES;Sports;;;;;;;;;;
4bf58dd8d48988d1b7941735;YES;Entertainment,Sports;YES;Sports;;;;;;;;;;
4e39a9cebd410d7aed40cbc4;YES;Entertainment,Sports;YES;Sports;;;;;;;;;;
4bf58dd8d48988d1b6941735;YES;Entertainment,Sports;YES;Sports;;;;;;;;;;
4bf58dd8d48988d1ac941735;YES;Entertainment;YES;YES;;;;;;;;;;
4bf58dd8d48988d1a2941735;YES;Education;YES;YES;;;;;;;;;;
4bf58dd8d48988d1b0941735;YES;Education;YES;;;;;;;;;;;
4bf58dd8d48988d1a8941735;YES;Education;YES;;;;;;;;;;;
4bf58dd8d48988d1a6941735;YES;Education;YES;Law;;;;;;;;;;
4bf58dd8d48988d1b3941735;YES;Education;YES;Medecine;;;;;;;;;;
4bf58dd8d48988d141941735;YES;Education;YES;;;;;;;;;;;
4bf58dd8d48988d1ab941735;YES;Education;YES;;;;;;;;;;;
4bf58dd8d48988d1ad941735;YES;Education;YES;YES;;;;;;;;;;
4bf58dd8d48988d1ae941735;YES;Education;YES;;;;;;;;;;;
52f2ab2ebcbc57f1066b8b3b;YES;Tourism;;;;;;;;;;;;
5267e4d9e4b0ec79466e48c6;YES;Entertainment;;;;;;;;;;;;
5267e4d9e4b0ec79466e48c9;YES;Entertainment;;;;;;;;;;;;
5267e4d9e4b0ec79466e48c7;YES;Tourism,Entertainment;;;;;;;;;;;;
58daa1558bbb0b01f18ec1fa;YES;Tourism;;;;;;;;;;;;
5267e4d9e4b0ec79466e48d1;YES;Entertainment;;;;;;;;;;;;
5267e4d9e4b0ec79466e48c8;YES;Entertainment;;;;;;;;;;;;
52741d85e4b0d5d1e3c6a6d9;YES;Tourism,Entertainment;;;;;;;;;;;;
52f2ab2ebcbc57f1066b8b54;YES;Entertainment;;;;;;;;;;;;
5267e4d8e4b0ec79466e48c5;YES;Tourism,Entertainment;;;;;;;;;;;;
503288ae91d4c4b30a586d67;YES;Eating;YES;;;;;;;YES;;;;
4bf58dd8d48988d1c8941735;YES;Eating;YES;;;;;;;YES;;;;
4bf58dd8d48988d10a941735;YES;Eating;YES;;;;;;;YES;;;;
4bf58dd8d48988d14e941735;YES;Eating;YES;;;;;;;;;;;
4bf58dd8d48988d157941735;YES;Eating;YES;;;;;;;YES;;;;
4bf58dd8d48988d142941735;YES;Eating;YES;;;;;;;;;;;
56aa371be4b08b9a8d573568;YES;Eating;YES;;;;;;;YES;;;;
52e81612bcbc57f1066b7a03;YES;Eating;YES;;;;;;;YES;;;;
4bf58dd8d48988d145941735;YES;Eating;YES;;;;;;;YES;;;;
52af3a5e3cf9994f4e043bea;YES;Eating;YES;;;;;;;YES;;;;
52af3a723cf9994f4e043bec;YES;Eating;YES;;;;;;;YES;;;;
52af3a7c3cf9994f4e043bed;YES;Eating;YES;;;;;;;YES;;;;
58daa1558bbb0b01f18ec1d3;YES;Eating;YES;;;;;;;YES;;;;
52af3a673cf9994f4e043beb;YES;Eating;YES;;;;;;;YES;;;;
52af3a903cf9994f4e043bee;YES;Eating;YES;;;;;;;YES;;;;
4bf58dd8d48988d1f5931735;YES;Eating;YES;;;;;;;YES;;;;
52af3a9f3cf9994f4e043bef;YES;Eating;YES;;;;;;;YES;;;;
52af3aaa3cf9994f4e043bf0;YES;Eating;YES;;;;;;;YES;;;;
52af3ab53cf9994f4e043bf1;YES;Eating;YES;;;;;;;YES;;;;
52af3abe3cf9994f4e043bf2;YES;Eating;YES;;;;;;;YES;;;;
52af3ac83cf9994f4e043bf3;YES;Eating;YES;;;;;;;YES;;;;
52af3ad23cf9994f4e043bf4;YES;Eating;YES;;;;;;;YES;;;;
52af3add3cf9994f4e043bf5;YES;Eating;YES;;;;;;;YES;;;;
52af3af23cf9994f4e043bf7;YES;Eating;YES;;;;;;;YES;;;;
52af3ae63cf9994f4e043bf6;YES;Eating;YES;;;;;;;YES;;;;
52af3afc3cf9994f4e043bf8;YES;Eating;YES;;;;;;;YES;;;;
52af3b053cf9994f4e043bf9;YES;Eating;YES;;;;;;;YES;;;;
52af3b213cf9994f4e043bfa;YES;Eating;YES;;;;;;;YES;;;;
52af3b293cf9994f4e043bfb;YES;Eating;YES;;;;;;;YES;;;;
52af3b343cf9994f4e043bfc;YES;Eating;YES;;;;;;;YES;;;;
52af3b3b3cf9994f4e043bfd;YES;Eating;YES;;;;;;;YES;;;;
52af3b463cf9994f4e043bfe;YES;Eating;YES;;;;;;;YES;;;;
52af3b633cf9994f4e043c01;YES;Eating;YES;;;;;;;YES;;;;
52af3b513cf9994f4e043bff;YES;Eating;YES;;;;;;;YES;;;;
52af3b593cf9994f4e043c00;YES;Eating;YES;;;;;;;YES;;;;
52af3b6e3cf9994f4e043c02;YES;Eating;YES;;;;;;;YES;;;;
52af3b773cf9994f4e043c03;YES;Eating;YES;;;;;;;YES;;;;
52af3b813cf9994f4e043c04;YES;Eating;YES;;;;;;;YES;;;;
52af3b893cf9994f4e043c05;YES;Eating;YES;;;;;;;YES;;;;
52af3b913cf9994f4e043c06;YES;Eating;YES;;;;;;;YES;;;;
52af3b9a3cf9994f4e043c07;YES;Eating;YES;;;;;;;YES;;;;
52af3ba23cf9994f4e043c08;YES;Eating;YES;;;;;;;YES;;;;
4eb1bd1c3b7b55596b4a748f;YES;Eating;YES;;;;;;;YES;;;;
52e81612bcbc57f1066b79fb;YES;Eating;YES;;;;;;;YES;;;;
52af0bd33cf9994f4e043bdd;YES;Eating;YES;;;;;;;YES;;;;
4deefc054765f83613cdba6f;YES;Eating;YES;;;;;;;YES;;;;
52960eda3cf9994f4e043ac9;YES;Eating;YES;;;;;;;YES;;;;
52960eda3cf9994f4e043acb;YES;Eating;YES;;;;;;;YES;;;;
52960eda3cf9994f4e043aca;YES;Eating;YES;;;;;;;YES;;;;
52960eda3cf9994f4e043acc;YES;Eating;YES;;;;;;;YES;;;;
52960eda3cf9994f4e043ac7;YES;Eating;YES;;;;;;;YES;;;;
52960eda3cf9994f4e043ac8;YES;Eating;YES;;;;;;;YES;;;;
52960eda3cf9994f4e043ac5;YES;Eating;YES;;;;;;;YES;;;;
52960eda3cf9994f4e043ac6;YES;Eating;YES;;;;;;;YES;;;;
4bf58dd8d48988d111941735;YES;Eating;YES;;;;;;;YES;;;;
55a59bace4b013909087cb0c;YES;Eating;YES;;;;;;;YES;;;;
55a59bace4b013909087cb30;YES;Eating;YES;;;;;;;YES;;;;
55a59bace4b013909087cb21;YES;Eating;YES;;;;;;;YES;;;;
55a59bace4b013909087cb06;YES;Eating;YES;;;;;;;YES;;;;
55a59bace4b013909087cb1b;YES;Eating;YES;;;;;;;YES;;;;
55a59bace4b013909087cb1e;YES;Eating;YES;;;;;;;YES;;;;
55a59bace4b013909087cb18;YES;Eating;YES;;;;;;;YES;;;;
55a59bace4b013909087cb24;YES;Eating;YES;;;;;;;YES;;;;
55a59bace4b013909087cb15;YES;Eating;YES;;;;;;;YES;;;;
55a59bace4b013909087cb27;YES;Eating;YES;;;;;;;YES;;;;
55a59bace4b013909087cb12;YES;Eating;YES;;;;;;;YES;;;;
4bf58dd8d48988d1d2941735;YES;Eating;YES;;;;;;;YES;;;;
55a59bace4b013909087cb2d;YES;Eating;YES;;;;;;;YES;;;;
55a59a31e4b013909087cb00;YES;Eating;YES;;;;;;;YES;;;;
55a59af1e4b013909087cb03;YES;Eating;YES;;;;;;;YES;;;;
55a59bace4b013909087cb2a;YES;Eating;YES;;;;;;;YES;;;;
55a59bace4b013909087cb0f;YES;Eating;YES;;;;;;;YES;;;;
55a59bace4b013909087cb33;YES;Eating;YES;;;;;;;YES;;;;
55a59bace4b013909087cb09;YES;Eating;YES;;;;;;;YES;;;;
55a59bace4b013909087cb36;YES;Eating;YES;;;;;;;YES;;;;
4bf58dd8d48988d113941735;YES;Eating;YES;;;;;;;;;;;
56aa371be4b08b9a8d5734e4;YES;Eating;YES;;;;;;;YES;;;;
56aa371be4b08b9a8d5734f0;YES;Eating;YES;;;;;;;YES;;;;
56aa371be4b08b9a8d5734e7;YES;Eating;YES;;;;;;;YES;;;;
56aa371be4b08b9a8d5734ed;YES;Eating;YES;;;;;;;YES;;;;
56aa371be4b08b9a8d5734ea;YES;Eating;YES;;;;;;;YES;;;;
4bf58dd8d48988d156941735;YES;Eating;YES;;;;;;;YES;;;;
4eb1d5724b900d56c88a45fe;YES;Eating;YES;;;;;;;YES;;;;
4bf58dd8d48988d1d1941735;YES;Eating;YES;;;;;;;YES;;;;
56aa371be4b08b9a8d57350e;YES;Eating;YES;;;;;;;YES;;;;
4bf58dd8d48988d149941735;YES;Eating;YES;;;;;;;YES;;;;
56aa371be4b08b9a8d573502;YES;Eating;YES;;;;;;;YES;;;;
52af39fb3cf9994f4e043be9;YES;Eating;YES;;;;;;;YES;;;;
4bf58dd8d48988d14a941735;YES;Eating;YES;;;;;;;;;;;
4bf58dd8d48988d169941735;YES;Eating;YES;;;;;;;;;;;
52e81612bcbc57f1066b7a01;YES;Eating;YES;;;;;;;YES;;;;
4bf58dd8d48988d1df931735;YES;Eating;YES;;;;;;;;;;;
4bf58dd8d48988d179941735;YES;Eating;YES;;;;;;;;;;;
4bf58dd8d48988d16a941735;YES;Eating;YES;;;;;;;;;;;
52e81612bcbc57f1066b7a02;YES;Eating;YES;;;;;;;YES;;;;
52e81612bcbc57f1066b79f1;YES;Eating;YES;;;;;;;;;;;
4bf58dd8d48988d143941735;YES;Eating;YES;;;;;;;;;;;
52e81612bcbc57f1066b7a0c;YES;Drinking;YES;;;;;;;;;;;
52e81612bcbc57f1066b79f4;YES;Eating;YES;;;;;;;;;;Low;
4bf58dd8d48988d16c941735;YES;Eating;YES;;;;;;;;;;;
4bf58dd8d48988d128941735;YES;Eating;YES;;;;;;;;;;;
4bf58dd8d48988d16d941735;YES;Coffee,Eating;YES;;;;;;;;;;;
4bf58dd8d48988d17a941735;YES;Eating;YES;;;;;;;YES;;;;
4bf58dd8d48988d144941735;YES;Eating;YES;;;;;;;YES;;;;
4bf58dd8d48988d154941735;YES;Eating;YES;;;;;;;YES;;;;
5293a7d53cf9994f4e043a45;YES;Eating;YES;;;;;;;YES;;;;
4bf58dd8d48988d1e0931735;YES;Coffee,Eating;YES;;;;;;;;;;;
52e81612bcbc57f1066b7a00;YES;Eating;YES;;;;;;;;;;;
52e81612bcbc57f1066b79f2;YES;Eating;YES;;;;;;;YES;;;;
52f2ae52bcbc57f1066b8b81;YES;Eating;YES;;;;;;;YES;;;;
4bf58dd8d48988d146941735;YES;Eating;YES;;;;;;;;;;;
4bf58dd8d48988d1d0941735;YES;Eating;YES;;;;;;;;;;;
4bf58dd8d48988d1bc941735;YES;Eating;YES;;;;;;;;;;;
512e7cae91d4cbb4e5efe0af;YES;Eating;YES;;;;;;;;;;;
4bf58dd8d48988d1c9941735;YES;Eating;YES;;;;;;;;;;;
5744ccdfe4b0c0459246b4e2;YES;Eating;YES;;;;;;;;;;;
52e81612bcbc57f1066b7a0a;YES;Eating;YES;;;;;;;;;;;
4bf58dd8d48988d147941735;YES;Eating;YES;;;;;;;;;;;
4bf58dd8d48988d148941735;YES;Eating;YES;;;;;;;;;;;
4bf58dd8d48988d108941735;YES;Eating;YES;;;;;;;;;;;
5744ccdfe4b0c0459246b4d0;YES;Eating;YES;;;;;;;YES;;;;
4bf58dd8d48988d109941735;YES;Eating;YES;;;;;;;YES;;;;
52e928d0bcbc57f1066b7e97;YES;Eating;YES;;;;;;;YES;;;;
58daa1558bbb0b01f18ec1ee;YES;Eating;YES;;;;;;;YES;;;;
56aa371be4b08b9a8d5734f3;YES;Eating;YES;;;;;;;YES;;;;
52960bac3cf9994f4e043ac4;YES;Eating;YES;;;;;;;YES;;;;
52e928d0bcbc57f1066b7e98;YES;Eating;YES;;;;;;;YES;;;;
52e81612bcbc57f1066b7a05;YES;Eating;YES;;;;;;;YES;;;;
4bf58dd8d48988d10b941735;YES;Eating;YES;;;;;;;YES;;;;
4bf58dd8d48988d16e941735;YES;Eating;YES;;;;;;;YES;;;Low;
4edd64a0c7ddd24ca188df1a;YES;Eating;YES;;;;;;;YES;;;;
52e81612bcbc57f1066b7a09;YES;Eating;YES;;;;;;;;;;;
4bf58dd8d48988d120951735;YES;Eating;YES;;;;;;;;;;Low;
56aa371be4b08b9a8d57350b;YES;Eating;YES;;;;;;;;;;;
4bf58dd8d48988d1cb941735;YES;Eating;YES;;;;;;;;;;Low;
4bf58dd8d48988d10c941735;YES;Eating;YES;;;;;;;YES;;;High;
57558b36e4b065ecebd306b6;YES;Eating;YES;;;;;;;YES;;;;
57558b36e4b065ecebd306b8;YES;Eating;YES;;;;;;;YES;;;;
57558b36e4b065ecebd306bc;YES;Eating;YES;;;;;;;YES;;;;
57558b36e4b065ecebd306b0;YES;Eating;YES;;;;;;;YES;;;;
57558b36e4b065ecebd306c5;YES;Eating;YES;;;;;;;YES;;;;
57558b36e4b065ecebd306c0;YES;Eating;YES;;;;;;;YES;;;;
57558b36e4b065ecebd306cb;YES;Eating;YES;;;;;;;YES;;;;
57558b36e4b065ecebd306ce;YES;Eating;YES;;;;;;;YES;;;;
57558b36e4b065ecebd306d1;YES;Eating;YES;;;;;;;YES;;;;
57558b36e4b065ecebd306b4;YES;Eating;YES;;;;;;;YES;;;;
57558b36e4b065ecebd306b2;YES;Eating;YES;;;;;;;YES;;;;
57558b35e4b065ecebd306ad;YES;Eating;YES;;;;;;;YES;;;;
57558b36e4b065ecebd306d4;YES;Eating;YES;;;;;;;YES;;;;
57558b36e4b065ecebd306d7;YES;Eating;YES;;;;;;;YES;;;;
57558b36e4b065ecebd306da;YES;Eating;YES;;;;;;;YES;;;;
57558b36e4b065ecebd306ba;YES;Eating;YES;;;;;;;YES;;;;
4d4ae6fc7a7b7dea34424761;YES;Eating;YES;;;;;;;;;;;
55d25775498e9f6a0816a37a;YES;Eating;YES;;;;;;;;;;;
4bf58dd8d48988d155941735;YES;Eating;YES;;;;;;;;;;High;
4bf58dd8d48988d10d941735;YES;Eating;YES;;;;;;;YES;;;;
56aa371ce4b08b9a8d573583;YES;Drinking,Eating;YES;;;;;;;;;;;
56aa371ce4b08b9a8d573572;YES;Eating;YES;;;;;;;YES;;;;
56aa371ce4b08b9a8d57358e;YES;Eating;YES;;;;;;;YES;;;;
56aa371ce4b08b9a8d57358b;YES;Eating;YES;;;;;;;YES;;;;
56aa371ce4b08b9a8d573574;YES;Eating;YES;;;;;;;YES;;;;
56aa371ce4b08b9a8d573592;YES;Eating;YES;;;;;;;YES;;;;
56aa371ce4b08b9a8d573578;YES;Eating;YES;;;;;;;YES;;;;
56aa371ce4b08b9a8d57357b;YES;Eating;YES;;;;;;;YES;;;;
56aa371ce4b08b9a8d573587;YES;Eating;YES;;;;;;;YES;;;;
56aa371ce4b08b9a8d57357f;YES;Eating;YES;;;;;;;YES;;;;
56aa371ce4b08b9a8d573576;YES;Eating;YES;;;;;;;YES;;;;
4c2cd86ed066bed06c3c5209;YES;Eating;YES;;;;;Gluten;;;;;;
4bf58dd8d48988d10e941735;YES;Eating;YES;;;;;;;YES;;;;
53d6c1b0e4b02351e88a83e8;YES;Eating;YES;;;;;;;YES;;;;
53d6c1b0e4b02351e88a83e2;YES;Eating;YES;;;;;;;YES;;;;
53d6c1b0e4b02351e88a83d8;YES;Eating;YES;;;;;;;YES;;;;
53d6c1b0e4b02351e88a83d6;YES;Eating;YES;;;;;;;YES;;;;
53d6c1b0e4b02351e88a83e6;YES;Eating;YES;;;;;;;YES;;;;
53d6c1b0e4b02351e88a83e4;YES;Eating;YES;;;;;;;YES;;;;
53d6c1b0e4b02351e88a83da;YES;Eating;YES;;;;;;;YES;;;;
53d6c1b0e4b02351e88a83d4;YES;Eating;YES;;;;;;;YES;;;;
53d6c1b0e4b02351e88a83dc;YES;Eating;YES;;;;;;;YES;;;;
53d6c1b0e4b02351e88a83e0;YES;Eating;YES;;;;;;;YES;;;;
52e81612bcbc57f1066b79f3;YES;Eating;YES;;;;;;;YES;;;;
53d6c1b0e4b02351e88a83d2;YES;Eating;YES;;;;;;;YES;;;;
53d6c1b0e4b02351e88a83de;YES;Eating;YES;;;;;;;YES;;;;
52e81612bcbc57f1066b79ff;YES;Eating;YES;;Islam;;;;;YES;;;;
52e81612bcbc57f1066b79fe;YES;Eating;YES;;;;;;;YES;;;;
4bf58dd8d48988d16f941735;YES;Eating;YES;;;;;;;;;;;
52e81612bcbc57f1066b79fa;YES;Eating;YES;;;;;;;YES;;;;
4bf58dd8d48988d10f941735;YES;Eating;YES;;;;;;;YES;;;;
54135bf5e4b08f3d2429dfe5;YES;Eating;YES;;;;;;;YES;;;;
54135bf5e4b08f3d2429dff3;YES;Eating;YES;;;;;;;YES;;;;
54135bf5e4b08f3d2429dff5;YES;Eating;YES;;;;;;;YES;;;;
54135bf5e4b08f3d2429dfe2;YES;Eating;YES;;;;;;;YES;;;;
54135bf5e4b08f3d2429dff2;YES;Eating;YES;;;;;;;YES;;;;
54135bf5e4b08f3d2429dfe1;YES;Eating;YES;;;;;;;YES;;;;
54135bf5e4b08f3d2429dfe3;YES;Eating;YES;;;;;;;YES;;;;
54135bf5e4b08f3d2429dfe8;YES;Eating;YES;;;;;;;YES;;;;
54135bf5e4b08f3d2429dfe9;YES;Eating;YES;;;;;;;YES;;;;
54135bf5e4b08f3d2429dfe6;YES;Eating;YES;;;;;;;YES;;;;
54135bf5e4b08f3d2429dfdf;YES;Eating;YES;;;;;;;YES;;;;
54135bf5e4b08f3d2429dfe4;YES;Eating;YES;;;;;;;YES;;;;
54135bf5e4b08f3d2429dfe7;YES;Eating;YES;;;;;;;YES;;;;
54135bf5e4b08f3d2429dfea;YES;Eating;YES;;;;;;;YES;;;;
54135bf5e4b08f3d2429dfeb;YES;Eating;YES;;;;;;;YES;;;;
54135bf5e4b08f3d2429dfed;YES;Eating;YES;;;;;;;YES;;;;
54135bf5e4b08f3d2429dfee;YES;Eating;YES;;;;;;;YES;;;;
54135bf5e4b08f3d2429dff4;YES;Eating;YES;;;;;;;YES;;;;
54135bf5e4b08f3d2429dfe0;YES;Eating;YES;;;;;;;YES;;;;
54135bf5e4b08f3d2429dfdd;YES;Eating;YES;;;;;;;YES;;;;
54135bf5e4b08f3d2429dff6;YES;Eating;YES;;;;;;;YES;;;;
54135bf5e4b08f3d2429dfef;YES;Eating;YES;;;;;;;YES;;;;
54135bf5e4b08f3d2429dff0;YES;Eating;YES;;;;;;;YES;;;;
54135bf5e4b08f3d2429dff1;YES;Eating;YES;;;;;;;YES;;;;
54135bf5e4b08f3d2429dfde;YES;Eating;YES;;;;;;;YES;;;;
54135bf5e4b08f3d2429dfec;YES;Eating;YES;;;;;;;YES;;;;
52e81612bcbc57f1066b7a06;YES;Eating;YES;;;;;;;YES;;;;
4bf58dd8d48988d110941735;YES;Eating;YES;;;;;;;YES;;;;
55a5a1ebe4b013909087cbb6;YES;Eating;YES;;;;;;;YES;;;;
55a5a1ebe4b013909087cb7c;YES;Eating;YES;;;;;;;YES;;;;
55a5a1ebe4b013909087cba7;YES;Eating;YES;;;;;;;YES;;;;
55a5a1ebe4b013909087cba1;YES;Eating;YES;;;;;;;YES;;;;
55a5a1ebe4b013909087cba4;YES;Eating;YES;;;;;;;YES;;;;
55a5a1ebe4b013909087cb95;YES;Eating;YES;;;;;;;YES;;;;
55a5a1ebe4b013909087cb89;YES;Eating;YES;;;;;;;YES;;;;
55a5a1ebe4b013909087cb9b;YES;Eating;YES;;;;;;;YES;;;;
55a5a1ebe4b013909087cb98;YES;Eating;YES;;;;;;;YES;;;;
55a5a1ebe4b013909087cbbf;YES;Eating;YES;;;;;;;YES;;;;
55a5a1ebe4b013909087cb79;YES;Eating;YES;;;;;;;YES;;;;
55a5a1ebe4b013909087cbb0;YES;Eating;YES;;;;;;;YES;;;;
55a5a1ebe4b013909087cbb3;YES;Eating;YES;;;;;;;YES;;;;
55a5a1ebe4b013909087cb74;YES;Eating;YES;;;;;;;YES;;;;
55a5a1ebe4b013909087cbaa;YES;Eating;YES;;;;;;;YES;;;;
55a5a1ebe4b013909087cb83;YES;Eating;YES;;;;;;;YES;;;;
55a5a1ebe4b013909087cb8c;YES;Eating;YES;;;;;;;YES;;;;
55a5a1ebe4b013909087cb92;YES;Eating;YES;;;;;;;YES;;;;
55a5a1ebe4b013909087cb8f;YES;Eating;YES;;;;;;;YES;;;;
55a5a1ebe4b013909087cb86;YES;Eating;YES;;;;;;;YES;;;;
55a5a1ebe4b013909087cbb9;YES;Eating;YES;;;;;;;YES;;;;
55a5a1ebe4b013909087cb7f;YES;Eating;YES;;;;;;;YES;;;;
55a5a1ebe4b013909087cbbc;YES;Eating;YES;;;;;;;YES;;;;
55a5a1ebe4b013909087cb9e;YES;Eating;YES;;;;;;;YES;;;;
55a5a1ebe4b013909087cbc2;YES;Eating;YES;;;;;;;YES;;;;
55a5a1ebe4b013909087cbad;YES;Eating;YES;;;;;;;YES;;;;
52e81612bcbc57f1066b79fd;YES;Eating;YES;;Judaism;;;;;YES;;;;
52e81612bcbc57f1066b79fc;YES;Eating;YES;;Judaism;;;;;YES;;;;
4bf58dd8d48988d112941735;YES;Drinking;YES;;;;;;;;;;;
5283c7b4e4b094cb91ec88d7;YES;Eating;YES;;;;;;;YES;;;;
4bf58dd8d48988d1be941735;YES;Eating;YES;;;;;;;YES;;;;
4bf58dd8d48988d152941735;YES;Eating;YES;;;;;;;YES;;;;
52939a8c3cf9994f4e043a35;YES;Eating;YES;;;;;;;YES;;;;
5745c7ac498e5d0483112fdb;YES;Eating;YES;;;;;;;YES;;;;
4bf58dd8d48988d1cd941735;YES;Eating;YES;;;;;;;YES;;;;
4bf58dd8d48988d107941735;YES;Eating;YES;;;;;;;YES;;;;
4bf58dd8d48988d16b941735;YES;Eating;YES;;;;;;;YES;;;;
5294c7523cf9994f4e043a62;YES;Eating;YES;;;;;;;YES;;;;
52939ae13cf9994f4e043a3b;YES;Eating;YES;;;;;;;YES;;;;
52939a9e3cf9994f4e043a36;YES;Eating;YES;;;;;;;YES;;;;
52939a643cf9994f4e043a33;YES;Eating;YES;;;;;;;YES;;;;
5294c55c3cf9994f4e043a61;YES;Eating;YES;;;;;;;YES;;;;
52939af83cf9994f4e043a3d;YES;Eating;YES;;;;;;;YES;;;;
52939aed3cf9994f4e043a3c;YES;Eating;YES;;;;;;;YES;;;;
52939aae3cf9994f4e043a37;YES;Eating;YES;;;;;;;YES;;;;
52939ab93cf9994f4e043a38;YES;Eating;YES;;;;;;;YES;;;;
5294cbda3cf9994f4e043a63;YES;Eating;YES;;;;;;;YES;;;;
52939ac53cf9994f4e043a39;YES;Eating;YES;;;;;;;YES;;;;
52939ad03cf9994f4e043a3a;YES;Eating;YES;;;;;;;YES;;;;
52939a7d3cf9994f4e043a34;YES;Eating;YES;;;;;;;YES;;;;
58daa1558bbb0b01f18ec1f4;YES;Eating;YES;;;;;;;YES;;;;
4eb1bfa43b7b52c0e1adc2e8;YES;Eating;YES;;;;;;;YES;;;;
56aa371be4b08b9a8d573558;YES;Eating;YES;;;;;;;YES;;;;
4bf58dd8d48988d1bf941735;YES;Eating;YES;;;;;;;;;;;
4bf58dd8d48988d1c0941735;YES;Eating;YES;;;;;;;YES;;;;
4bf58dd8d48988d1c3941735;YES;Eating;YES;;;;;;;YES;;;;
4bf58dd8d48988d1c1941735;YES;Eating;YES;;;;;;;YES;;;;
58daa1558bbb0b01f18ec1d9;YES;Eating;YES;;;;;;;YES;;;;
4bf58dd8d48988d153941735;YES;Eating;YES;;;;;;;YES;;;;
4bf58dd8d48988d151941735;YES;Eating;YES;;;;;;;YES;;;;
56aa371ae4b08b9a8d5734ba;YES;Eating;YES;;;;;;;YES;;;;
5744ccdfe4b0c0459246b4d3;YES;Eating;YES;;;;;;;YES;;;;
4bf58dd8d48988d115941735;YES;Eating;YES;;;;;;;YES;;;;
56aa371be4b08b9a8d573529;YES;Eating;YES;;;;;;;YES;;;;
5744ccdfe4b0c0459246b4ca;YES;Eating;YES;;;;;;;YES;;;;
58daa1558bbb0b01f18ec1cd;YES;Eating;YES;;;;;;;YES;;;;
52e81612bcbc57f1066b79f7;YES;Eating;YES;;;;;;;YES;;;;
58daa1558bbb0b01f18ec1bc;YES;Eating;YES;;;;;;;YES;;;;
58daa1558bbb0b01f18ec1c0;YES;Eating;YES;;;;;;;YES;;;;
58daa1558bbb0b01f18ec1c4;YES;Eating;YES;;;;;;;YES;;;;
58daa1558bbb0b01f18ec1c7;YES;Eating;YES;;;;;;;YES;;;;
5744ccdfe4b0c0459246b4a8;YES;Eating;YES;;;;;;;YES;;;;
52e81612bcbc57f1066b79f9;YES;Eating;YES;;;;;;;YES;;;;
4bf58dd8d48988d1c2941735;YES;Eating;YES;;;;;;;;;;High;
52e81612bcbc57f1066b79f8;YES;Eating;YES;;;;;;;YES;;;;
56aa371be4b08b9a8d573508;YES;Drinking,Eating;YES;;;;;;;;;;;
4bf58dd8d48988d1ca941735;YES;Eating;YES;;;;;;;;;;;
52e81612bcbc57f1066b7a04;YES;Eating;YES;;;;;;;YES;;;;
4def73e84765ae376e57713a;YES;Eating;YES;;;;;;;YES;;;;
56aa371be4b08b9a8d5734c7;YES;Eating;YES;;;;;;;YES;;;;
4bf58dd8d48988d1c4941735;YES;Eating;YES;;;;;;;;;;;
5293a7563cf9994f4e043a44;YES;Eating;YES;;;;;;;YES;;;;
52e928d0bcbc57f1066b7e9d;YES;Eating;YES;;;;;;;YES;;;;
52e928d0bcbc57f1066b7e9c;YES;Eating;YES;;;;;;;YES;;;;
4bf58dd8d48988d1bd941735;YES;Eating;YES;;;;;;;;;;;
4bf58dd8d48988d1c5941735;YES;Eating;YES;;;;;Vegetarian;;;;;;
4bf58dd8d48988d1c6941735;YES;Eating;YES;;;;;;;YES;;;;
5744ccdde4b0c0459246b4a3;YES;Eating;YES;;;;;;;YES;;;;
4bf58dd8d48988d1ce941735;YES;Eating;YES;;;;;;;;;;High;
56aa371be4b08b9a8d57355a;YES;Eating;YES;;;;;;;YES;;;;
4bf58dd8d48988d1c7941735;YES;Eating;YES;;;;;;;;;;;
4bf58dd8d48988d1dd931735;YES;Eating;YES;;;;;;;;;;;
4bf58dd8d48988d14f941735;YES;Eating;YES;;;;;;;YES;;;;
4bf58dd8d48988d150941735;YES;Eating;YES;;;;;;;YES;;;;
4bf58dd8d48988d14d941735;YES;Eating;YES;;;;;;;YES;;;;
4bf58dd8d48988d1db931735;YES;Eating;YES;;;;;;;YES;;;;
5413605de4b0ae91d18581a9;YES;Eating;YES;;;;;;;YES;;;;
4bf58dd8d48988d1cc941735;YES;Eating;YES;;;;;;;;;;;
4bf58dd8d48988d158941735;YES;Eating;YES;;;;;;;YES;;;;
4bf58dd8d48988d1dc931735;YES;Coffee,Eating;YES;;;;;;;;;;;
56aa371be4b08b9a8d573538;YES;Eating;YES;;;;;;;;;;;
57558b36e4b065ecebd306dd;YES;Eating;YES;;;;;;;;;;;
4f04af1f2fb6e1c99f3db0bb;YES;Eating;YES;;;;;;;YES;;;;
530faca9bcbc57f1066bc2f3;YES;Eating;YES;;;;;;;YES;;;;
530faca9bcbc57f1066bc2f4;YES;Eating;YES;;;;;;;YES;;;;
5283c7b4e4b094cb91ec88d8;YES;Eating;YES;;;;;;;YES;;;;
5283c7b4e4b094cb91ec88d9;YES;Eating;YES;;;;;;;YES;;;;
5283c7b4e4b094cb91ec88db;YES;Eating;YES;;;;;;;YES;;;;
5283c7b4e4b094cb91ec88d6;YES;Eating;YES;;;;;;;YES;;;;
56aa371be4b08b9a8d573535;YES;Eating;YES;;;;;;;YES;;;;
56aa371be4b08b9a8d5734bd;YES;Eating;YES;;;;;;;YES;;;;
5283c7b4e4b094cb91ec88d5;YES;Eating;YES;;;;;;;YES;;;;
5283c7b4e4b094cb91ec88da;YES;Eating;YES;;;;;;;YES;;;;
530faca9bcbc57f1066bc2f2;YES;Eating;YES;;;;;;;YES;;;;
58daa1558bbb0b01f18ec1df;YES;Eating;YES;;;;;;;YES;;;;
58daa1558bbb0b01f18ec1dc;YES;Eating;YES;;;;;;;YES;;;;
56aa371be4b08b9a8d5734bf;YES;Eating;YES;;;;;;;YES;;;;
56aa371be4b08b9a8d5734c1;YES;Eating,Coffee;YES;;;;;;;YES;;;;
5283c7b4e4b094cb91ec88d4;YES;Eating;YES;;;;;;;YES;;;;
58daa1558bbb0b01f18ec1e2;YES;Eating;YES;;;;;;;YES;;;;
52e928d0bcbc57f1066b7e96;YES;Eating;YES;;;;;;;YES;;;;
52e928d0bcbc57f1066b7e9a;YES;Eating;YES;;;;;;;YES;;;;
52e928d0bcbc57f1066b7e9b;YES;Eating;YES;;;;;;;YES;;;;
4bf58dd8d48988d1d3941735;YES;Eating;YES;;Islam;;;Vegetarian;;;;;;
4bf58dd8d48988d14c941735;YES;Eating;YES;;;;;;;;;;;
4bf58dd8d48988d116941735;YES;Drinking;YES;;;;;;;;;;;
52e81612bcbc57f1066b7a0d;YES;Drinking,Tourism;YES;;;;;;;;;;;
56aa371ce4b08b9a8d57356c;YES;Drinking;YES;;;;;;;;;;;
4bf58dd8d48988d117941735;YES;Drinking;YES;;;;;;;;;;;
52e81612bcbc57f1066b7a0e;YES;Drinking;YES;;;;;;;;;;High;
4bf58dd8d48988d11e941735;YES;Drinking;YES;;;;;;;;;;High;
4bf58dd8d48988d118941735;YES;Drinking;YES;;;;;;;;;;;
4bf58dd8d48988d1d8941735;YES;Drinking;YES;;;;;;;;Gay;;;
4bf58dd8d48988d119941735;YES;Drinking;YES;;;;;;;;;;;
4bf58dd8d48988d1d5941735;YES;Drinking;YES;;;;;;;;;;High;
4bf58dd8d48988d120941735;YES;Drinking;YES;;;;;;;;;;;
4bf58dd8d48988d11b941735;YES;Eating,Drinking;YES;;;;;;;;;;;
4bf58dd8d48988d11c941735;YES;Drinking;YES;;;;;;;;;;;
4bf58dd8d48988d1d4941735;YES;Drinking;YES;;;;;;;;;;High;
4bf58dd8d48988d11d941735;YES;Drinking;YES;;;;;;;;;;;
56aa371be4b08b9a8d57354d;YES;Drinking;YES;;;;;;;;;;;
4bf58dd8d48988d122941735;YES;Drinking;YES;;;;;;;;;;High;
4bf58dd8d48988d123941735;YES;Drinking;YES;;;;;;;;;;High;
50327c8591d4c4b30a586d5d;YES;Drinking;YES;;;;;;;;;;;
4bf58dd8d48988d121941735;YES;Drinking;YES;;;;;;;;;;;
53e510b7498ebcb1801b55d4;YES;Drinking;YES;;;;;;;;;;;
4bf58dd8d48988d11f941735;YES;Drinking;YES;;;;;;;;;;;
4bf58dd8d48988d11a941735;YES;Drinking;YES;;;;;;;;;;;
4bf58dd8d48988d1d6941735;YES;Drinking,Entertainment;YES;;;;;;;;;;;
4f4528bc4b90abdf24c9de85;YES;Sports,Entertainment;YES;;;;;;;;;;;
52e81612bcbc57f1066b7a2b;YES;Sports,Entertainment;YES;Sports;;;;;;;;;;
4bf58dd8d48988d1e8941735;YES;Sports,Entertainment;YES;Sports;;;;;;;;;;
4bf58dd8d48988d1e1941735;YES;Sports,Entertainment;YES;Sports;;;;;;;;;;
52e81612bcbc57f1066b7a2f;YES;Sports,Entertainment;YES;Sports;;;;;;;;;;
56aa371be4b08b9a8d57351a;YES;Sports,Entertainment;YES;Sports;;;;;;;;;;
4bf58dd8d48988d1e6941735;YES;Sports,Entertainment;YES;Sports;;;;;;;;;High;
58daa1558bbb0b01f18ec1b0;YES;Sports,Entertainment;YES;Sports;;;;;;;;;High;
4bf58dd8d48988d175941735;YES;Sports,Entertainment;YES;Sports;;;;;;;;;;
52f2ab2ebcbc57f1066b8b47;YES;Sports,Entertainment;YES;Sports;;;;;;;;;;
503289d391d4c4b30a586d6a;YES;Sports,Entertainment;YES;Sports;;;;;;;;;;
52f2ab2ebcbc57f1066b8b49;YES;Sports,Entertainment;YES;Sports;;;;;;;;;;
4bf58dd8d48988d105941735;YES;Sports,Entertainment;YES;Swimming;;;;;;;;;;
52f2ab2ebcbc57f1066b8b48;YES;Sports,Entertainment;YES;;;;;;;;;;;
4bf58dd8d48988d176941735;YES;Sports,Entertainment;YES;;;;;;;;;;;
4bf58dd8d48988d101941735;YES;Sports,Entertainment;YES;Martial arts;;;;;;;;;;
58daa1558bbb0b01f18ec203;YES;Sports,Entertainment;YES;;;;;;;;;;;
5744ccdfe4b0c0459246b4b2;YES;Sports,Entertainment;YES;;;;;;;;;;;
4bf58dd8d48988d106941735;YES;Sports,Entertainment;YES;;;;;;;;;;;
590a0744340a5803fd8508c3;YES;Sports,Entertainment;YES;;;;;;;;;;;
4bf58dd8d48988d102941735;YES;Sports,Entertainment;YES;Yoga;;;;;;;;;;
4f452cd44b9081a197eba860;YES;Sports,Entertainment;YES;Sports;;;;;;;;;;
56aa371be4b08b9a8d57352c;YES;Sports,Entertainment;YES;Sports;;;;;;;;;;
5032829591d4c4b30a586d5e;YES;Sports,Entertainment;YES;Sports;;;;;;;;;;
52e81612bcbc57f1066b7a2c;YES;Sports,Entertainment;YES;Sports;;;;;;;;;;
4bf58dd8d48988d167941735;YES;Sports,Entertainment;YES;Sports;;;;;;;;;;
4bf58dd8d48988d168941735;YES;Sports,Entertainment;YES;Sports;;;;;;;;;;
4cce455aebf7b749d5e191f5;YES;Sports,Entertainment;YES;Sports;;;;;;;;;;
52e81612bcbc57f1066b7a2e;YES;Sports,Entertainment;YES;Sports;;;;;;;;;;
52e81612bcbc57f1066b7a2d;YES;Sports,Entertainment;YES;Sports;;;;;;;;;;
4e39a956bd410d7aed40cbc3;YES;Sports,Entertainment;YES;Sports;;;;;;;;;;
4eb1bf013b7b6f98df247e07;YES;Sports,Entertainment;YES;Sports;;;;;;;;;;
52e81612bcbc57f1066b7a28;YES;Sports,Entertainment;YES;;;;;;;;;;;
56aa371be4b08b9a8d573544;YES;Sports,Entertainment;YES;;;;;;;;;;;
4bf58dd8d48988d1e2941735;YES;Sports,Entertainment;YES;;;;;;;;;;;
52e81612bcbc57f1066b7a30;YES;Entertainment,Tourism;YES;;;;;;;;;;;
4bf58dd8d48988d1e3941735;YES;Sports,Tourism;YES;;;;;;;;;;;
56aa371be4b08b9a8d57355e;YES;Sports,Entertainment;YES;;;;;;;;;;;
52e81612bcbc57f1066b7a22;YES;Tourism;;;;;;;;;;;;
4bf58dd8d48988d1df941735;YES;;;;;;;;;;;;;
4bf58dd8d48988d1e4941735;YES;Tourism;YES;;;;;;;;;;Low;
56aa371be4b08b9a8d57353b;;;;;;;;;;;;;;
56aa371be4b08b9a8d573562;YES;Tourism;;;;;;;;;;;;
50aaa49e4b90af0d42d5de11;YES;Tourism;;;;;;;;;;;;
56aa371be4b08b9a8d573511;YES;Tourism;;;;;;;;;;;;
4bf58dd8d48988d15c941735;YES;Tourism;;;;;;;;;;;;
52e81612bcbc57f1066b7a12;YES;Sports,Entertainment,Tourism;YES;Dive;;;;;;;;;;
4bf58dd8d48988d1e5941735;YES;;YES;;;;;;;;;;;
4bf58dd8d48988d15b941735;YES;Tourism;;;;;;;;;;;;
4bf58dd8d48988d15f941735;YES;;;;;;;;;;;;;
52e81612bcbc57f1066b7a0f;YES;Sports,Entertainment;;Fishing;;;;;;;;;;
52e81612bcbc57f1066b7a23;YES;Sports,Tourism;;;;;;;;;;;;
56aa371be4b08b9a8d573547;YES;;;;;;;;;;;;;
4bf58dd8d48988d15a941735;YES;Tourism;;;;;;;;;;;;
52e81612bcbc57f1066b7a11;YES;Entertainment,Sports;;;;;;;;;;;;
4bf58dd8d48988d1e0941735;YES;Tourism,Sports;;;;;;;Boat;;;;;
4bf58dd8d48988d160941735;YES;Tourism;;;;;;;;;;;;
5744ccdfe4b0c0459246b4b5;YES;Entertainment;YES;;;;;;;;;;;Children
50aaa4314b90af0d42d5de10;YES;Tourism;;;;;;;;;;;;
4bf58dd8d48988d161941735;YES;Tourism;;;;;;;;;;;;
4bf58dd8d48988d15d941735;YES;Tourism;;;;;;;;;;;;
55a5a1ebe4b013909087cb77;YES;Tourism,Sports;;;;;;;;;;;;
4eb1d4d54b900d56c88a45fc;YES;Tourism,Sports;;;;;;;;;;;;
52e81612bcbc57f1066b7a21;YES;Tourism,Sports;;;;;;;;;;;;
52e81612bcbc57f1066b7a13;YES;Tourism,Sports;;;;;;;;;;;;
4bf58dd8d48988d162941735;YES;Tourism,Sports;;;;;;;;;;;;
52e81612bcbc57f1066b7a14;YES;Tourism;;;;;;;;;;;;
4bf58dd8d48988d163941735;YES;Tourism;;;;;;;;;;;;
4bf58dd8d48988d1fa931735;YES;Tourism,Housing;;;;;;;;;;;High;
52e81612bcbc57f1066b7a25;YES;Tourism;YES;;;;;;;;;;;
4bf58dd8d48988d1e7941735;YES;;;;;;;;;;;;;Children
4bf58dd8d48988d164941735;YES;Tourism;;;;;;;;;;;;
4bf58dd8d48988d15e941735;YES;Entertainment,Sports;YES;;;;;;;;;;;
52e81612bcbc57f1066b7a29;YES;Entertainment,Sports;YES;;;;;;;;;;;
52e81612bcbc57f1066b7a26;YES;Entertainment;YES;;;;;;;;;;;Children
56aa371be4b08b9a8d573541;YES;;;;;;;;;;;;;
4eb1d4dd4b900d56c88a45fd;YES;Tourism;;;;;;;;;;;;
50328a4b91d4c4b30a586d6b;YES;Entertainment,Sports;YES;Rock climbing;;;;;;;;;;
4bf58dd8d48988d165941735;YES;Tourism;;;;;;;;;;;;
4bf58dd8d48988d166941735;YES;Tourism;;;;;;;;;;;;
4bf58dd8d48988d1e9941735;YES;Tourism,Entertainment,Sports;YES;Ski;;;;;;;;;High;
4bf58dd8d48988d1ea941735;YES;Drinking,Eating,Coffee;YES;;;;;;;;;;High;
4eb1c0ed3b7b52c0e1adc2ea;YES;Entertainment,Sports;YES;Ski;;;;;;;;;High;
4bf58dd8d48988d1ec941735;YES;Tourism;YES;;;;;;;;;;High;
4bf58dd8d48988d1eb941735;YES;Tourism;YES;;;;;;;;;;High;
4eb1c0f63b7b52c0e1adc2eb;YES;Entertainment,Sports;YES;Ski;;;;;;;;;High;
58daa1558bbb0b01f18ec1b9;YES;Entertainment,Sports;YES;Skydiving;;;;;;;;;High;
4eb1baf03b7b2c5b1d4306ca;YES;Entertainment,Sports;YES;Horse riding;;;;;;;;;High;
530e33ccbcbc57f1066bbfe4;YES;Entertainment,Sports;YES;Horse riding;;;;;;;;;High;
50aa9e094b90af0d42d5de0d;;;;;;;;;;;;;;
5345731ebcbc57f1066c39b2;;;;;;;;;;;;;;
530e33ccbcbc57f1066bbff7;;;;;;;;;;;;;;
4f2a25ac4b909258e854f55f;;;;;;;;;;;;;;
530e33ccbcbc57f1066bbff8;;;;;;;;;;;;;;
530e33ccbcbc57f1066bbff3;;;;;;;;;;;;;;
530e33ccbcbc57f1066bbff9;;;;;;;;;;;;;;
52e81612bcbc57f1066b7a10;;;;;;;;;;;;;;Children
4bf58dd8d48988d159941735;YES;Entertainment,Sports;YES;;;;;;;;;;;
52e81612bcbc57f1066b7a24;YES;;;;;;;;;;;;;
4bf58dd8d48988d1de941735;YES;Tourism;;;;;;;;;;;;
5032848691d4c4b30a586d61;YES;Tourism;;;;;;;;;;;;
56aa371be4b08b9a8d573560;YES;Tourism;;;;;;;;;;;;
56aa371be4b08b9a8d5734c3;YES;Tourism;;;;;;;;;;;;
4fbc1be21983fc883593e321;YES;;;;;;;;;;;;;
4e52d2d203646f7c19daa8ae;YES;Entertainment;YES;;;;;;Animal;;;;;
58daa1558bbb0b01f18ec1d6;YES;Entertainment;YES;;;;;;;;;;;
4bf58dd8d48988d173941735;YES;Entertainment;YES;;;;;;;;;;;
56aa371be4b08b9a8d5734cf;YES;Entertainment;YES;Dance;;;;;;;;;;
4bf58dd8d48988d130941735;YES;;;;;;;;;;;;;
56aa371be4b08b9a8d573517;YES;;;;;;;;;;;;;
52e81612bcbc57f1066b7a35;YES;;YES;;;;;;;;;;;
52e81612bcbc57f1066b7a34;YES;;YES;;;;;;;;;;;
4bf58dd8d48988d1ff931735;YES;;YES;;;;;;;;;;;
4bf58dd8d48988d100941735;YES;;;;;;;;;;;;;
52e81612bcbc57f1066b7a32;YES;Entertainment;;;;;;;;;;;;
4e0e22f5a56208c4ea9a85a0;YES;Tourism;;;;;;;;;;;;
52e81612bcbc57f1066b7a37;YES;;;;;;;;;;;;;
4bf58dd8d48988d171941735;YES;;;;;;;;;;;;;
56aa371be4b08b9a8d57356a;YES;;;;;;;;;;;;;
4eb1bea83b7b6f98df247e06;YES;;;;;;;;;;;;;
4eb1daf44b900d56c88a4600;YES;Entertainment;;;;;;;;;;;;
4f4534884b9074f6e4fb0174;YES;;;;;;;;;;;;;
4bf58dd8d48988d126941735;YES;;;;;YES;;;;;;;;
4bf58dd8d48988d12a941735;YES;;;;;;;;;;;;;
4bf58dd8d48988d129941735;YES;;;;;YES;;;;;;;;
4bf58dd8d48988d12b941735;YES;;;;;;;;;;;;;
4bf58dd8d48988d12c951735;YES;;;;;YES;;;;;;;;
4bf58dd8d48988d12c941735;YES;;;;;;;;;;;;;
4bf58dd8d48988d12d941735;YES;Tourism;;;;;;;;;;;;
4bf58dd8d48988d12e941735;YES;;;;;;;;;;;;;
52e81612bcbc57f1066b7a38;YES;;;;;YES;;;;;;;;
56aa371be4b08b9a8d5734d7;YES;;;;;;;;;;;;;
5744ccdfe4b0c0459246b4d6;YES;;;;;;;;;;;;;
4bf58dd8d48988d12f941735;YES;Education;YES;;;;;;;;;;;
4bf58dd8d48988d104941735;YES;;;;;;;YES;;;;;;
52e81612bcbc57f1066b7a3b;YES;;;;;;;YES;;;;;;
52e81612bcbc57f1066b7a3c;YES;;;;;;;YES;;;;;;
52e81612bcbc57f1066b7a3a;YES;;;;;;;YES;;;;;;
4bf58dd8d48988d178941735;YES;;;;;;;YES;;;;;;
4bf58dd8d48988d177941735;YES;;;;;;;YES;;;;;;
4bf58dd8d48988d194941735;YES;;;;;;;YES;;;;;;
522e32fae4b09b556e370f19;YES;;;;;;;YES;;;;;;
4bf58dd8d48988d196941735;YES;;;;;;;YES;;;;;;
58daa1558bbb0b01f18ec1f7;YES;;;;;;;YES;;;;;;
56aa371be4b08b9a8d5734ff;YES;;;;;;;YES;;;;;;
4f4531b14b9074f6e4fb0103;YES;;;;;;;YES;;;;;;
52e81612bcbc57f1066b7a39;YES;;;;;;;YES;;;;;;
58daa1558bbb0b01f18ec1d0;YES;;;;;;;YES;;;;;;
5744ccdfe4b0c0459246b4af;YES;;;;;;;YES;;;;;;
56aa371be4b08b9a8d57351d;YES;;;;;;Drugs;YES;;;;;;
56aa371be4b08b9a8d573526;YES;;;;;;;YES;;;;;;
4d954af4a243a5684765b473;YES;;;;;;;;Animal;;;;;
4e52adeebd41615f56317744;YES;;;;;;;;;;;;;
50328a8e91d4c4b30a586d6c;YES;;;;;YES;;;;;;;;
5744ccdfe4b0c0459246b4d9;YES;;;;;;;;;;;;;
4bf58dd8d48988d124941735;YES;;;;;;;;;;;;;
52e81612bcbc57f1066b7a3d;YES;;;;;;;;;;;;;
5032764e91d4c4b30a586d5a;YES;;;;;;;;;;;;;
4bf58dd8d48988d127941735;YES;;;;;;;;;;;;;
5665ef1d498ec706735f0e59;YES;;;;;;;;;;;;;
54f4ba06498e2cf5561da814;YES;;;;;;;;;;;;;
5665c7b9498e7d8a4f2c0f06;YES;Coffee;YES;;;;;;;;;;;
4bf58dd8d48988d174941735;YES;;;;;;;;;;;;;
4bf58dd8d48988d125941735;YES;;;;;;;;;;;;;
4c38df4de52ce0d596b336e1;;;;;;;;;;;;;;
4bf58dd8d48988d172941735;YES;;;;;;;;;;;;;
58daa1548bbb0b01f18ec1a9;YES;;;;;;;;;;;;;
5310b8e5bcbc57f1066bcbf1;YES;;;;;;;;;;;;;
5032856091d4c4b30a586d63;YES;;;;;;;;;;;;;
52f2ab2ebcbc57f1066b8b57;YES;;;;;;;;;;;;;
58daa1558bbb0b01f18ec1b2;YES;;;;;;;;;;;;;
4bf58dd8d48988d13b941735;YES;Education;YES;;;;;;;;;;;
56aa371ce4b08b9a8d573570;YES;Education;YES;;;;;;;;;;;
52e81612bcbc57f1066b7a43;YES;Education;YES;Circus;;;;;;;;;;
58daa1558bbb0b01f18ec200;YES;Education;YES;Cook;;;;;;;;;;
52e81612bcbc57f1066b7a42;YES;Education;YES;;;;;;;;;;;
4f4533804b9074f6e4fb0105;YES;Education;YES;;;;;;;;;;;
52e81612bcbc57f1066b7a49;YES;Education;YES;;;;;;;;;;;
4bf58dd8d48988d13d941735;YES;Education;YES;;;;;;;;;;;
52e81612bcbc57f1066b7a48;YES;Education;YES;;;;;;;;;;;
4f4533814b9074f6e4fb0106;YES;Education;YES;;;;;;;;;;;
4f04b10d2fb6e1c99f3db0be;YES;Education;YES;;;;;;;;;;;
4f4533814b9074f6e4fb0107;YES;Education;YES;;;;;;;;;;;
52e81612bcbc57f1066b7a45;YES;Education;YES;;;;;;;;;;;
52e81612bcbc57f1066b7a46;YES;Education;YES;;;;;;;;;;;
52e81612bcbc57f1066b7a47;YES;Education;YES;;YES;;;;;;;;;
52e81612bcbc57f1066b7a44;YES;Education;YES;Swimming;;;;;;;;;;
52e81612bcbc57f1066b7a33;YES;;YES;;;;;;;;;;;
4bf58dd8d48988d131941735;YES;Tourism;YES;;YES;;;;;;;;;
52e81612bcbc57f1066b7a3e;YES;;;;Buddhism;;;;;;;;;
58daa1558bbb0b01f18ec1eb;YES;;;;Cemevi;;;;;;;;;
4bf58dd8d48988d132941735;YES;;;;Christianity;;;;;;;;;
56aa371be4b08b9a8d5734fc;YES;;;;Conficianism;;;;;;;;;
52e81612bcbc57f1066b7a3f;YES;;;;Hinduism;;;;;;;;;
5744ccdfe4b0c0459246b4ac;YES;;;;Jehovah's Witness;;;;;;;;;
52e81612bcbc57f1066b7a40;YES;Tourism;;;;;;;;;;;;
4bf58dd8d48988d138941735;YES;;;;Islam;;;;;;;;;
52e81612bcbc57f1066b7a41;YES;;;;YES;;;;;;;;;
4eb1d80a4b900d56c88a45ff;YES;;;;YES;;;;;;;;;
4bf58dd8d48988d139941735;YES;;;;Judaism;;;;;;;;;
4bf58dd8d48988d13a941735;YES;;;;Christianity;;;;;;;;;
56aa371be4b08b9a8d5734f6;YES;;;;YES;;;;;;;;;
52e81612bcbc57f1066b7a31;YES;;;;;;;;;;;;;
4cae28ecbf23941eb1190695;YES;;;;;YES;;;;;;;;
52e81612bcbc57f1066b7a36;YES;;;;;;;;;;;;;
58daa1558bbb0b01f18ec1ac;YES;;;;;;;;;;;;;
56aa371be4b08b9a8d5734c5;YES;Entertainment;;;;;;;;;;;;
4bf58dd8d48988d14b941735;YES;Tourism;;;;;;;;;;;;
5032891291d4c4b30a586d68;YES;Housing;;;;;;;;;;;;YES
4bf58dd8d48988d103941735;YES;Housing;;;;;;;;;;;;
4f2a210c4b9023bd5841ed28;YES;Housing;;;;;;;;;;;Low;
4d954b06a243a5684965b473;YES;Housing;;;;;;;;;;;;
52f2ab2ebcbc57f1066b8b55;YES;Housing;;;;;;;;;;;Low;
52f2ab2ebcbc57f1066b8b56;;;;;;;;;;;;;;
5267e446e4b0ec79466e48c4;YES;Entertainment;;;;;;;;;;;;
4bf58dd8d48988d116951735;YES;Entertainment;;;;;;;;;;;;
4bf58dd8d48988d127951735;YES;Entertainment;;;;;;;;;;;;
52f2ab2ebcbc57f1066b8b43;YES;;;;;;;;;;;;;
4eb1c1623b7b52c0e1adc2ec;YES;;;Drive;;;;;Car;;;;;
52f2ab2ebcbc57f1066b8b44;YES;;;Drive;;;;;Car;;;;;
56aa371be4b08b9a8d5734d3;YES;;;Drive;;;;;Car;;;;;
4bf58dd8d48988d124951735;YES;;;Drive;;;;;Car;;;;;
52f2ab2ebcbc57f1066b8b32;YES;Shopping;;;;;;;;;;;;Children
4bf58dd8d48988d10a951735;YES;;;;;;;;;;;;;
52e81612bcbc57f1066b7a27;YES;Shopping;;;;;;;;;;;;
56aa371be4b08b9a8d5734cb;YES;;;;;;;;;;;;;
52f2ab2ebcbc57f1066b8b40;YES;;;;;;;;;;;;;
52f2ab2ebcbc57f1066b8b42;YES;Shopping;;;;;;;;;;;;
4bf58dd8d48988d115951735;YES;Shopping;;Ride bicycle;;;;;Bike;;;;;
4bf58dd8d48988d1f1941735;YES;Shopping;;;;;;;;;;;;
4bf58dd8d48988d114951735;YES;Shopping;;;;;;;;;;;;
4bf58dd8d48988d11a951735;YES;Shopping;;;;;;;;;;;;
5453de49498eade8af355881;;;;;;;;;;;;;;
4eb1bdf03b7b55596b4a7491;YES;Shopping;;;;;;;;;;;;
4bf58dd8d48988d117951735;YES;Shopping;;;;;;;;;;;;
4f04ae1f2fb6e1c99f3db0ba;YES;;;Drive;;;;;Car;;;;;
52f2ab2ebcbc57f1066b8b2a;YES;Shopping;;;;;;;;;;;;
52f2ab2ebcbc57f1066b8b2d;;;;;;;;;;;;;;
5744ccdfe4b0c0459246b4c7;YES;;;;;;;;;;;;;Children
4f4532974b9074f6e4fb0104;YES;;;;;;;;;;;;;Children
52f2ab2ebcbc57f1066b8b31;YES;Shopping;;;;;;;;;;;;
4bf58dd8d48988d103951735;YES;Shopping;;;;;;;;;;;;
4bf58dd8d48988d102951735;YES;Shopping;;;;;;;;;Woman;;;
4bf58dd8d48988d104951735;YES;Shopping;;;;;;;;;;;;
4bf58dd8d48988d105951735;YES;Shopping;;;;;;;;;;;;Children
4bf58dd8d48988d109951735;YES;Shopping;;;;;;;;;Woman;;;
4bf58dd8d48988d106951735;YES;Shopping;;;;;;;;;Man;;;
4bf58dd8d48988d107951735;YES;Shopping;;;;;;;;;;;;
4bf58dd8d48988d108951735;YES;Shopping;;;;;;;;;Woman;;;
52f2ab2ebcbc57f1066b8b18;YES;Shopping;;;;;;;;;;;;
5454144b498ec1f095bff2f2;;;;;;;;;;;;;;
4d954b0ea243a5684a65b473;YES;Groceries;;;;;;;;;;;;
4bf58dd8d48988d10c951735;YES;Shopping;;;;;;;;;Woman;;;
52f2ab2ebcbc57f1066b8b17;YES;Shopping;;;;;;;;;;;;
5032850891d4c4b30a586d62;;;;;;;;;;;;;;
5744ccdfe4b0c0459246b4be;YES;Tourism;;;;;;;;;;;;
4bf58dd8d48988d1f6941735;YES;Shopping;;;;;;;;;;;High;
4bf58dd8d48988d1f4941735;YES;Shopping;;;;;;;;;;;High;
52dea92d3cf9994f4e043dbb;YES;Shopping;;;;;;;;;;;Low;
52f2ab2ebcbc57f1066b8b1a;YES;Shopping;;;;;;;;;;;;
5745c2e4498e11e7bccabdbd;YES;Shopping;;;;;;YES;;;;;;
52f2ab2ebcbc57f1066b8b1d;YES;;;;;;;;;;;;High;
5032872391d4c4b30a586d64;YES;;;Drive;;;;;Car;;;;;
4bf58dd8d48988d122951735;YES;Shopping;;;;;;;;;;;;
56aa371be4b08b9a8d573554;YES;Entertainment;;;;;;;;;;;;
5454152e498ef71e2b9132c6;YES;;;;;;;;;;;;;
52f2ab2ebcbc57f1066b8b26;YES;Shopping;;;;;;;;;Woman;;;
56aa371be4b08b9a8d573523;YES;Tourism;;;;;;;;;;;;
503287a291d4c4b30a586d65;YES;;;;;;;;;;;;;
52f2ab2ebcbc57f1066b8b3a;YES;;;;;;;;;;;;;
52f2ab2ebcbc57f1066b8b16;YES;Shopping;;;;;;;;;;;;
4bf58dd8d48988d1f7941735;YES;Shopping;;;;;;;;;;;;
56aa371be4b08b9a8d573505;YES;Shopping;;;;;;;;;;;;
4bf58dd8d48988d11b951735;YES;Shopping;;;;;;;;;;;;
4bf58dd8d48988d1f9941735;YES;Groceries;;;;;;;;;;;;
5370f356bcbc57f1066c94c2;YES;Groceries;;;;;;;;;;;;
4bf58dd8d48988d11d951735;YES;Groceries;;;;;;;;;;;;
4bf58dd8d48988d11e951735;YES;Groceries;;;Health[not_lactose_intolerant];;;;;;;;;
58daa1558bbb0b01f18ec1ca;YES;Groceries;;;;;;;;;;;;
4bf58dd8d48988d1fa941735;YES;Groceries;;;;;;;;;;;;
4bf58dd8d48988d10e951735;YES;Groceries;;;;;;;;;;;;
56aa371be4b08b9a8d573550;YES;Groceries;;;;;;;;;;;;
4bf58dd8d48988d1f5941735;YES;Groceries;;;;;;;;;;;High;
4bf58dd8d48988d118951735;YES;Groceries;;;;;;;;;;;;
50aa9e744b90af0d42d5de0e;YES;Groceries;;;;;;;;;;;;
58daa1558bbb0b01f18ec1e8;YES;Groceries;;;;;;;;;;;;
4bf58dd8d48988d186941735;YES;Groceries;;;;;;;;;;;;
52f2ab2ebcbc57f1066b8b45;YES;Groceries;;;;;;;;;;;;
56aa371be4b08b9a8d573564;YES;Groceries;;;;;;;;;;;;
53e0feef498e5aac066fd8a9;YES;Eating;;;;;;;;;;;;
52f2ab2ebcbc57f1066b8b46;YES;Groceries;;;;;;;;;;;;
58daa1558bbb0b01f18ec1e5;YES;Groceries;;;;;;;;YES;;;;
4bf58dd8d48988d119951735;YES;Groceries;;;;;;;;;;;;
52f2ab2ebcbc57f1066b8b24;YES;Shopping;;;;;;;;;;;;
52f2ab2ebcbc57f1066b8b1c;YES;Groceries;;;;;;;;;;;;
4bf58dd8d48988d1f8941735;YES;Shopping;;;;;;;;;;;;
55888a5a498e782e3303b43a;YES;Shopping;;;;;;;;;;;;
4bf58dd8d48988d18d941735;YES;Coffee,Eating;;;;;;;;;;;;
4eb1c0253b7b52c0e1adc2e9;YES;Shopping;;;;;;;;;;;;
4bf58dd8d48988d113951735;YES;;;Drive;;;;;Car;;;;;
4bf58dd8d48988d128951735;YES;Shopping;;;;;;;;;;;;
52f2ab2ebcbc57f1066b8b19;YES;Shopping;;;;;;;;;Man;;;
4bf58dd8d48988d112951735;YES;Shopping;;;;;;;;;Man;;;
54541900498ea6ccd0202697;YES;Shopping;;;;;;;;;Woman;;;
52f2ab2ebcbc57f1066b8b2c;YES;Groceries;;;;;;;;;;;;
4bf58dd8d48988d1fb941735;YES;Shopping;;;;;;;;;;;;
545419b1498ea6ccd0202f58;YES;Shopping;;;;;;;;;;;;
50aaa5234b90af0d42d5de12;YES;Shopping;;;;;;;;;Man;;;
52f2ab2ebcbc57f1066b8b36;YES;;;;;;;;;;;;;
58daa1558bbb0b01f18ec1f1;YES;;;;;;;;;;;;;
4bf58dd8d48988d1f0941735;YES;Coffee;;;;;;;;;;;;
4bf58dd8d48988d111951735;YES;Shopping;;;;;;;;;Woman;;;
58daa1558bbb0b01f18ec1b4;YES;Shopping;;;;;;;;;;;;
52f2ab2ebcbc57f1066b8b25;YES;Shopping;;;;;;;;;Woman;;;
52f2ab2ebcbc57f1066b8b33;YES;;;;;;;;;;;;;
4bf58dd8d48988d1fc941735;YES;;;;;;;;;;;;;
52f2ab2ebcbc57f1066b8b3f;YES;;;;;;;;;;;;;
52f2ab2ebcbc57f1066b8b2b;YES;Shopping;;;;;;;;;;;;
52f2ab2ebcbc57f1066b8b1e;YES;;;;;;;;;;;;;
52f2ab2ebcbc57f1066b8b38;YES;;;;;;Gambling;;;;;;;
52f2ab2ebcbc57f1066b8b29;YES;Shopping;;;;;;;;;;;;
52c71aaf3cf9994f4e043d17;YES;;;;;;Drugs;;;;;;;
50be8ee891d4fa8dcc7199a7;YES;Groceries;;;;;;;;;;;;
52f2ab2ebcbc57f1066b8b3c;YES;Self-care;;;;;;;;;;;;
52f2ab2ebcbc57f1066b8b27;YES;Groceries;;;;;;;;;;;;
58daa1558bbb0b01f18ec206;YES;Shopping;;;;;;YES;;;;;;
4bf58dd8d48988d1ff941735;YES;;;;;;;;;;;;;
4f04afc02fb6e1c99f3db0bc;YES;;;;;;;;;;;;;
56aa371be4b08b9a8d57354a;YES;;;;;;;;;;;;;
5032833091d4c4b30a586d60;YES;;;Drive;;;;;Motorcycle;;;;;
59d79d6b2e268052fa2a3332;YES;Shopping;;;;;;;;;Man;;;
4bf58dd8d48988d1fe941735;YES;Shopping;;;;;;;;;;;;
4f04aa0c2fb6e1c99f3db0b8;YES;Self-care;;;;;;;;;Woman;;;
4f04ad622fb6e1c99f3db0b9;YES;Shopping;;;;;;;;;;;;
4d954afda243a5684865b473;YES;Shopping;;;;;;YES;;;;;;
52f2ab2ebcbc57f1066b8b2f;YES;Shopping;;;;;;;;;;;;
52f2ab2ebcbc57f1066b8b22;YES;Shopping;;;;;;;;;;;;
5744ccdfe4b0c0459246b4df;YES;Shopping;;;;;;;;;;;Low;
52f2ab2ebcbc57f1066b8b35;YES;Shopping;;;;;;;;;;;Low;
4bf58dd8d48988d121951735;YES;Shopping;;;;;;;;;;;;
52f2ab2ebcbc57f1066b8b34;YES;;;;;;;;;;;;;
52f2ab2ebcbc57f1066b8b23;YES;Shopping;;;;;;;;;Woman;;;
5032897c91d4c4b30a586d69;YES;;;;;;;;Animal;;;;;
4bf58dd8d48988d100951735;YES;Shopping;;;;;;;Animal;;;;;
4bf58dd8d48988d10f951735;YES;Shopping;;;;;;YES;;;;;;
4eb1bdde3b7b55596b4a7490;YES;Shopping;;;;;;;;;;;;
554a5e17498efabeda6cc559;YES;Shopping;;;;;;;;;;;;
52f2ab2ebcbc57f1066b8b20;YES;Self-care;;;;;;;;;;;;
52f2ab2ebcbc57f1066b8b3d;YES;Shopping;;;;;;;;;;;;
52f2ab2ebcbc57f1066b8b28;YES;Shopping;;;;;;;;;;;;
5744ccdfe4b0c0459246b4c4;YES;;;;;;;;;;;;;
5032885091d4c4b30a586d66;YES;;;;;;;;;;;;;
4bf58dd8d48988d10d951735;YES;Shopping;;;;;;;;;;;;
52f2ab2ebcbc57f1066b8b37;YES;Entertainment;;;;;;;;;;;;
4f4531084b9074f6e4fb0101;;;;;;;;;;;;;;
56aa371be4b08b9a8d573552;;;;;;;;;;;;;;
4bf58dd8d48988d110951735;YES;Self-care;;;;;;;;;Man;;;
58daa1558bbb0b01f18ec1ae;YES;Self-care;;;;;;;;;;;;
52f2ab2ebcbc57f1066b8b1f;YES;Shopping;;;;;;;;;;;;
52f2ab2ebcbc57f1066b8b39;YES;Shopping;;;;;;;;;;;;
4bf58dd8d48988d1fd941735;YES;Shopping;;;;;;;;;;;;
5744ccdfe4b0c0459246b4dc;YES;Shopping;;;;;;;;;;;;
56aa371be4b08b9a8d573566;YES;Shopping;;;;;;;;;;;;
4bf58dd8d48988d123951735;YES;Shopping;;;;;Smoking;;;;;;;
52f2ab2ebcbc57f1066b8b41;YES;Eating;;;;;;;;;;;;
52f2ab2ebcbc57f1066b8b1b;YES;Shopping,Tourism;;;;;;;;;;;;
4bf58dd8d48988d1ed941735;YES;Self-care;;;;;;;;;;;;
4bf58dd8d48988d1f2941735;YES;Shopping,Sports;;;;;;;;;;;;
52f2ab2ebcbc57f1066b8b21;YES;Shopping;;;;;;;;;;;;
4f04b1572fb6e1c99f3db0bf;;;;;;;;;;;;;;
5744ccdfe4b0c0459246b4cd;;;;;;;;;;;;;;
5032781d91d4c4b30a586d5b;YES;Shopping;;;;;;;;;Man;;;
4d1cf8421a97d635ce361c31;YES;Self-care;;;;;;;;;;;;
4bf58dd8d48988d1de931735;YES;Self-care;;;;;;;;;;;;
4bf58dd8d48988d101951735;YES;Shopping;;;;;;;;;;;;
4bf58dd8d48988d1f3941735;YES;Shopping;;;;;;;;;;;;
4f04b08c2fb6e1c99f3db0bd;YES;Tourism;;;;;;;;;;;;
52f2ab2ebcbc57f1066b8b30;YES;Shopping;;;;;;;;;;;;
56aa371be4b08b9a8d57355c;YES;Shopping;;;;;;;;;;;;
4bf58dd8d48988d10b951735;YES;Shopping;;;;;;;;;;;;
4bf58dd8d48988d126951735;YES;Shopping;;;;;;;;;;;;
52e816a6bcbc57f1066b7a54;YES;Shopping;;;;;;;;;;;;
52f2ab2ebcbc57f1066b8b2e;YES;Shopping;;;;;;;;;Man;;High;
4bf58dd8d48988d1ed931735;YES;Tourism;;;;;;;;;;;;
4bf58dd8d48988d1ef931735;YES;Tourism;;;;;;;;;;;;
4bf58dd8d48988d1f0931735;YES;Tourism;;;;;;;;;;;;
4eb1bc533b7b2c5b1d4306cb;YES;Tourism;;;;;;;;;;;;
56aa371be4b08b9a8d57352f;YES;Tourism;;;;;;;;;;;;
4bf58dd8d48988d1eb931735;YES;Tourism;;;;;;;;;;;;
4bf58dd8d48988d1ec931735;YES;Tourism;;;;;;;;;;;;
5744ccdfe4b0c0459246b4e5;YES;Tourism;;;;;;;;;;;;
4bf58dd8d48988d1f7931735;YES;Tourism;;;;;;;;;;;;
5744ccdfe4b0c0459246b4e8;YES;Tourism;;;;;;;;;;;;
4e4c9077bd41f78e849722f9;YES;Tourism,Sports;;;;;;;;;;;;
5744ccdfe4b0c0459246b4c1;YES;Tourism,Sports;;;;;;;;;;;;
4bf58dd8d48988d12d951735;YES;Tourism;;;;;;;;;;;;
52f2ab2ebcbc57f1066b8b4b;;;;;;;;;;;;;;
4bf58dd8d48988d1fe931735;;;;;;;;;;;;;;
4bf58dd8d48988d12b951735;;;;;;;;;;;;;;
52f2ab2ebcbc57f1066b8b4f;;;;;;;;;;;;;;
52f2ab2ebcbc57f1066b8b50;;;;;;;;;;;;;;
55077a22498e5e9248869ba2;YES;Tourism;YES;;;;;;;;;;High;
589ddde98ae3635c072819ee;YES;Tourism,Shopping;;;;;;;;;;;;
4bf58dd8d48988d1f6931735;YES;Tourism;YES;;;;;;;;;;;
56aa371ce4b08b9a8d57356e;YES;Tourism;;;;;;;;;;;High;
4bf58dd8d48988d1f8931735;YES;Tourism;YES;;;;;;;;;;;
4f4530a74b9074f6e4fb0100;YES;Tourism;YES;;;;;;;;;;High;
4bf58dd8d48988d1ee931735;YES;Tourism;YES;;;;;;;;;;Low;
4bf58dd8d48988d132951735;YES;Tourism;YES;;;;;;;;;;High;
4bf58dd8d48988d1fb931735;YES;Tourism;YES;;;;;;;;;;Low;
4bf58dd8d48988d12f951735;YES;Tourism;YES;;;;;;;;;;High;
4bf58dd8d48988d133951735;YES;Tourism;YES;;;;;;;;;;;
56aa371be4b08b9a8d5734e1;YES;Tourism;YES;;;;;;;;;;;
52f2ab2ebcbc57f1066b8b4c;;;;;;;;;;;;;;
4bf58dd8d48988d1fc931735;;;;;;;;;;;;;;
4bf58dd8d48988d1fd931735;;;;;;;;;;;;;;
4f2a23984b9023bd5841ed2c;;;;;;;;;;;;;;
4e74f6cabd41c4836eac4c31;;;;;;;;;;;;;;
56aa371be4b08b9a8d57353e;;;;;;;;;;;;;;
52f2ab2ebcbc57f1066b8b53;YES;Tourism;YES;Drive;;;;;RV;;;;;
4bf58dd8d48988d1ef941735;YES;Tourism;;Drive;;;;;;;;;;
4d954b16a243a5684b65b473;YES;Tourism;YES;;;;;;;;;;;
4bf58dd8d48988d1f9931735;;;;;;;;;;;;;;
53fca564498e1a175f32528b;;;;;;;;;;;;;;
4bf58dd8d48988d130951735;;;;;;;;;;;;;;
52f2ab2ebcbc57f1066b8b4d;;;;;;;;;;;;;;
52f2ab2ebcbc57f1066b8b4e;;;;;;;;;;;;;;
4f4530164b9074f6e4fb00ff;YES;Tourism;YES;;;;;;;;;;;
4bf58dd8d48988d129951735;;;;;;;;;;;;;;
4f4531504b9074f6e4fb0102;;;;;;;;;;;;;;
4bf58dd8d48988d12a951735;;;;;;;;;;;;;;
52f2ab2ebcbc57f1066b8b51;;;;;;;;;;;;;;
54541b70498ea6ccd0204bff;;;;;;;;;;;;;;
4f04b25d2fb6e1c99f3db0c0;YES;Tourism;;;;;;;;;;;;
52f2ab2ebcbc57f1066b8b4a;;;;;;;;;;;;;;
